,num1,num2,num3,date1,date2,date3
,Сколько четных чисел в этом столбце?,Сколько простых чисел в этом столбце?,"Сколько чисел, меньших 0.5 в этом столбце?",Столько вторников в этом столбце?,Сколько вторников в этом столбце?,Сколько последних вторников месяца в этом столбце?
1,14,54,"0 ,481208997226 7124",Mon Aug  6 07:11:19 2018,2026-07-19 08:15:41.695463,10-04-2011
2,12,55,0 .9092218987487982,Thu Dec  1 01:32:03 2016,2006-08-06 16:18:39.172100,08-28-2006
3,25,2,0.  3268611158564687,Wed Aug  2 22:37:44 2028,2020-11-08 10:08:31.158667,11-21-2019
4,53,3,0. 38081302402434 647,Thu Feb 19 06:32:31 2009,2015-01-13 21:46:36.390139,06-26-2010
5,48,4,"0  , 7685621545518444",Wed Nov 19 04:33:36 2025,2030-09-24 00:13:00.613749,12-03-2011
6,51,5,0.39474990254881837,Wed Dec  3 21:09:06 2008,2027-07-05 04:33:41.789645,02-19-2024
7,30,6,0. 81622554846951,Fri Oct 19 14:30:11 2029,2025-01-09 04:26:17.141797,08-26-2018
8,2,7,0.8129261039492799,Thu Nov 15 06:24:21 2012,2002-09-13 04:05:25.871014,09-14-2014
9,41,8,0. 8145110129464285,Tue Apr 13 06:16:56 2010,2010-11-02 14:03:28.600062,12-02-2008
10,21,9,"0 , 8832713859173044",Wed Mar 21 20:39:13 2012,2005-09-06 05:01:49.815145,05-22-2015
11,17,10,0. 663782473 298807,Mon Oct 20 15:16:39 2008,2027-05-27 23:50:40.173694,08-01-2013
12,49,11,0. 10053755624241068,Sat Jun 16 21:49:21 2012,2007-11-06 15:28:15.437371,06-15-2015
13,51,12,0.19 96441213368092,Fri Oct 12 23:04:10 2012,2025-07-31 08:48:01.435403,12-15-2030
14,21,13,0   .30604541905451543,Sat Nov 28 00:15:35 2026,2016-04-09 04:26:14.048879,06-01-2005
15,33,14,0 .7631016629517158,Wed Jun 24 13:59:53 2026,2030-02-12 09:46:41.851347,06-11-2020
16,52,15,0.8692572735980064,Sat Dec  7 20:12:14 2024,2020-12-06 15:31:41.794204,01-24-2014
17,45,16,0 .4988152759200304,Wed Feb  9 03:14:37 2005,2009-05-25 07:45:15.598882,05-17-2018
18,18,17,0 . 0448601574587163,Wed Jul  8 03:37:32 2026,2027-12-11 19:37:15.690506,02-09-2010
19,37,18,0 .7910348159479327,Thu Feb 15 04:28:05 2029,2016-01-07 08:44:44.430431,11-13-2019
20,5,19,0 . 44376909755453076,Mon Nov  4 19:51:21 2013,2023-12-17 17:19:10.075279,12-05-2027
21,30,20,0 .11451859130066822,Fri Apr 24 16:34:04 2015,2013-05-29 07:48:29.119888,10-31-2026
22,52,21,"0 ,2101082 554686745",Thu Nov 11 06:03:08 2021,2029-01-16 09:57:34.165071,06-23-2015
23,27,22,0. 9493 410229557325,Thu Sep 29 02:06:57 2022,2007-12-16 20:22:46.022011,03-14-2022
24,29,23,0.4937018681941837,Wed Dec  9 13:23:17 2015,2016-03-06 08:49:39.719454,03-11-2006
25,0,24,"0 ,6923587270860889",Tue Mar  1 17:21:33 2005,2007-11-10 13:15:06.461756,03-08-2011
26,45,25,0. 8335814906798242,Wed Dec 19 12:06:13 2029,2007-01-10 16:02:03.853119,10-12-2011
27,37,26,0 .  2591917113119184,Mon Dec 10 06:54:33 2029,2011-09-15 23:26:17.854738,03-14-2019
28,19,27,0 .2608634062599515,Mon Aug 14 10:28:42 2028,2020-04-12 03:37:57.831795,05-28-2027
29,0,28,0. 6717384469162729,Thu Apr 14 19:07:30 2022,2027-07-26 01:10:21.881798,08-18-2008
30,49,29,0 . 8907749484129942,Tue Mar 26 23:00:51 2013,2022-08-16 15:10:27.806483,02-14-2013
31,17,30,0 .  9857853787695112,Tue Apr 15 07:44:49 2003,2009-02-08 23:23:20.801866,03-12-2019
32,19,31,0 .88 22169119521088,Mon Mar 27 22:28:47 2006,2019-03-01 00:11:52.873953,09-12-2029
33,10,32,0 .778567089948 7998,Fri Aug  3 14:54:33 2029,2027-06-27 03:18:19.015878,02-13-2028
34,16,33,0 .32400 99513139345,Tue Sep 12 14:32:59 2028,2012-09-26 04:28:15.977813,10-26-2027
35,36,34,0.345041785380116 87,Wed Jul  6 01:38:02 2016,2009-08-17 20:15:15.658180,03-14-2003
36,8,35,0 . 334772090181382,Tue Mar 15 20:37:33 2005,2028-12-05 02:53:30.631350,09-17-2008
37,20,36,"0  ,5359710575994089",Mon Jun  8 18:47:13 2020,2030-03-19 02:48:43.960648,11-01-2026
38,42,37,0. 08169501197241402,Mon May  6 09:12:39 2024,2029-04-27 06:32:02.063164,02-24-2020
39,11,38,0 . 6364682331432091,Thu Sep 12 21:12:21 2002,2009-11-13 13:23:25.664407,12-21-2004
40,42,39,0.8021450051836201,Fri Sep 20 10:42:56 2030,2028-09-23 11:43:42.664899,02-28-2022
41,25,40,0 . 7129 646648303481,Fri Aug 10 05:50:40 2007,2017-08-28 02:55:47.943113,04-01-2006
42,49,41,0 .7997082204289271,Wed Feb  7 00:44:20 2007,2004-12-03 15:26:00.886418,04-09-2027
43,44,42,"0, 7711388492789671",Tue Mar  3 07:06:41 2015,2024-03-30 00:20:08.483706,04-06-2007
44,30,43,0.38043151364597494,Wed Jun  2 14:38:56 2021,2010-09-09 05:26:17.212494,01-30-2029
45,17,44,"0 , 6856278748869686",Thu Jul  9 20:52:25 2026,2011-03-01 04:29:02.150671,11-05-2008
46,12,45,0 .22576082864106284,Fri May  2 18:53:43 2003,2012-01-07 06:09:15.942465,11-06-2024
47,48,46,0 . 4966695358853057,Wed May 12 23:06:53 2021,2025-01-09 21:00:22.852422,07-18-2009
48,31,47,0. 19168058518261377,Wed Oct  6 18:11:08 2010,2016-01-28 03:52:43.139178,05-04-2018
49,33,48,"0, 5658384281809871",Sun Jul 14 18:58:28 2030,2021-07-05 12:56:38.820516,02-26-2003
50,34,49,"0,348545171 5432627",Wed May 28 02:25:55 2003,2010-12-16 04:23:36.715315,02-18-2009
51,29,50,0.4746 16284563667,Wed May 10 23:59:45 2017,2028-12-23 09:13:19.476204,01-20-2013
52,49,51,0  . 1563594195399869,Sun Aug 14 14:13:04 2011,2005-11-26 05:24:27.379015,06-01-2025
53,50,52, 0. 5323887434676383,Sat Oct 24 06:28:55 2009,2017-02-12 18:30:16.802605,08-04-2008
54,19,53,0 . 3764 930161644858,Sun May  8 21:15:51 2011,2022-06-19 16:29:09.493927,05-27-2008
55,52,54,0.9850503227147729,Fri Jun 14 19:13:17 2030,2024-12-21 23:42:42.361548,10-04-2019
56,18,55,0 .1249746744044482,Fri Jun 30 22:49:15 2017,2013-06-17 17:34:47.953712,04-19-2021
57,33,56,",9321086020554957",Tue Jun  3 18:23:26 2025,2029-01-13 12:18:27.659281,11-09-2005
58,38,57,0 .47892867935263916,Thu Apr 29 04:30:33 2004,2009-02-21 22:42:48.967051,10-20-2023
59,37,58,0 .  5332687695738532,Mon Jul 23 11:32:38 2007,2015-01-28 16:13:55.938292,03-11-2003
60,31,59,0 . 8312868365139249,Sun Feb  7 01:53:13 2027,2023-06-12 17:30:09.782483,11-08-2017
61,30,60,"0,9397848932963035",Wed Jun 17 01:05:46 2009,2020-03-10 10:33:55.812504,08-07-2016
62,51,61,0. 9402 280960466106,Thu Dec 29 18:39:09 2022,2012-02-25 12:12:30.289320,08-19-2021
63,47,62,"0, 25582249763467935",Sat Sep 11 18:56:05 2027,2017-08-03 22:10:31.470623,10-25-2016
64,13,63,0.18759116151467647,Wed Feb 18 02:12:36 2004,2031-01-23 04:36:01.072396,10-08-2010
65,28,64,  .68 52522073850027,Sun Aug 31 06:23:01 2025,2024-11-30 14:23:09.388931,12-18-2012
66,45,65,0 .4333199764534784,Wed Feb 26 12:41:48 2003,2029-12-12 09:20:44.067019,05-05-2018
67,7,66,0. 637673603383344,Mon May  1 16:34:15 2023,2004-04-05 22:03:19.688164,04-30-2026
68,17,67,0. 9027934160709783,Mon Aug 13 21:55:49 2018,2008-02-06 13:27:37.117144,07-21-2009
69,5,68,0 . 8769743456579315,Thu Dec 13 05:50:55 2029,2003-06-06 08:48:16.862639,05-08-2008
70,23,69, 0 .34930587227452226,Sat Sep 17 14:22:14 2005,2010-06-14 09:04:08.109228,02-09-2004
71,42,70,0.8 591885698125468,Thu Feb 24 11:42:06 2028,2030-06-04 01:49:14.726088,08-15-2019
72,54,71,"0 , 670149177252185",Sat Dec  4 08:04:39 2027,2018-02-12 07:35:07.596303,08-14-2024
73,35,72,0 . 8607256356626872,Fri Oct 28 08:17:52 2011,2004-10-13 19:10:07.945934,05-01-2024
74,52,73,0.8496125627336424,Tue Dec 30 07:33:59 2025,2029-04-15 16:14:16.892547,06-30-2013
75,39,74,0 . 1417076214145978,Mon Nov  9 14:37:13 2026,2008-07-04 06:30:25.949816,12-28-2004
76,16,75,0 . 4828910455626685,Fri May 30 00:23:02 2025,2008-03-01 23:25:07.470725,01-17-2008
77,19,76,"  ,5199251876112913",Tue Oct 13 13:37:17 2009,2030-06-17 10:16:44.394345,10-20-2019
78,49,77,0. 697753 1350387703,Wed Oct 22 21:13:23 2008,2027-04-04 09:36:10.461636,12-13-2004
79,28,78,0 . 9123609688590443,Wed Feb 13 01:04:07 2008,2003-02-12 16:39:36.218493,07-08-2016
80,10,79,0. 4043128766608459,Sat May  7 03:58:55 2022,2024-01-10 19:44:06.055166,02-23-2005
81,9,80,0  . 34200255020707593,Mon Mar  6 00:35:00 2028,2006-03-23 16:56:04.752599,11-22-2020
82,21,81,0.3830763370182019,Fri May 10 14:54:13 2013,2023-07-28 08:45:56.513539,10-21-2012
83,26,82,0  . 08062103752730054,Fri Jan  9 11:46:45 2026,2024-08-18 16:42:36.589558,12-15-2017
84,32,83,0 . 566 175579122155,Mon Aug 29 13:08:03 2016,2013-12-04 06:56:28.494353,12-25-2027
85,33,84,0 . 4389333655598864,Tue Mar  6 03:18:38 2007,2004-06-03 03:47:46.599837,03-09-2009
86,54,85,0. 344746394773 73525,Tue May 28 12:27:30 2019,2008-03-10 03:42:42.168877,08-27-2007
87,26,86,0. 47244890210051027,Fri Aug 17 18:07:55 2029,2027-07-20 06:24:44.561207,09-16-2011
88,16,87,0.3228781677212327,Mon Aug 26 14:13:19 2002,2030-04-26 19:19:41.899904,09-25-2023
89,25,88,0 .23 478991641306235,Tue Jan 17 02:40:50 2023,2017-02-07 05:23:56.869866,05-31-2013
90,8,89,"0,6773709929235682",Tue Aug  9 06:38:47 2005,2024-02-16 23:05:35.963771,08-21-2008
91,44,90,"0,  28407517598151566",Thu Jan  2 09:24:05 2014,2019-09-19 06:33:24.871719,06-09-2013
92,46,91,"0,4713152086021276",Sun Aug 30 17:36:25 2009,2008-02-25 19:01:39.619927,04-04-2003
93,17,92,0 .5768188144114372,Thu Dec 12 03:19:24 2030,2016-03-17 17:30:17.796196,01-06-2024
94,24,93,0. 5157853993341444,Mon Feb  2 19:11:12 2009,2018-07-10 07:31:36.915795,11-11-2003
95,13,94," , 768144772629445",Tue Feb 17 01:17:32 2015,2021-02-25 15:10:16.992760,11-19-2025
96,39,95,0. 8433454201199909,Fri Jul  9 08:22:09 2027,2004-05-24 08:44:58.728009,04-29-2022
97,18,96,0.9160841000686223,Sun Feb 21 19:25:39 2027,2021-12-06 04:12:32.643152,12-20-2028
98,32,97,0. 22845672193346056,Fri Apr 14 00:05:19 2017,2011-10-13 16:28:15.450503,01-10-2006
99,31,98,"0 ,5448805354799576",Mon Feb 18 03:28:46 2008,2027-10-18 19:02:15.816326,02-04-2007
100,10,99, .21235024215461118,Tue Aug 29 01:44:22 2017,2016-03-07 19:11:22.981650,10-13-2011
101,13,100,0 .068 42959020548278,Thu Aug 19 19:00:59 2021,2025-09-01 21:23:35.718396,01-05-2018
102,1,101,0 .4958735434073044,Sat Nov 29 07:40:12 2014,2021-06-20 00:43:16.881389,01-09-2023
103,17,102,0.4532855953804966,Tue Apr  4 03:11:07 2017,2003-10-06 15:26:44.366644,07-10-2025
104,29,103,0. 4202961758705721,Fri Aug 13 02:30:15 2010,2008-05-26 10:36:42.595907,06-30-2007
105,20,104,"0  , 7514844394691 307",Tue Jul  7 18:12:01 2009,2030-10-12 09:53:16.795427,04-19-2019
106,11,105,0.4821718243276558,Thu Sep 28 17:35:44 2017,2025-03-09 05:05:22.875601,11-08-2019
107,38,106,0.49034776691154414,Wed Nov  8 06:03:51 2028,2022-06-30 09:38:51.321554,01-18-2015
108,13,107," ,018862330291942286",Thu Apr 18 00:39:43 2024,2022-08-25 00:54:16.723630,09-07-2006
109,33,108,0 .614727639200526,Wed Jan 15 01:51:32 2031,2014-02-01 20:04:07.369664,01-17-2027
110,19,109,0 . 5662872100448562,Sun Oct  7 19:48:53 2018,2015-06-18 01:39:04.437263,01-23-2021
111,38,110,0 .6046665666978198,Mon Oct  2 20:12:43 2017,2017-01-03 01:11:23.523944,02-05-2003
112,13,111,0 .33189939800938173,Tue Jun  5 18:02:29 2012,2008-03-09 14:35:00.756418,07-12-2004
113,32,112,0 . 6371089379608961,Tue Sep 25 21:29:26 2012,2015-06-29 14:02:18.507209,04-20-2023
114,44,113,0 .7823135820455862,Thu Oct  8 00:17:36 2020,2009-12-30 23:14:31.822762,06-23-2030
115,8,114,0 .5012378211287155,Mon Feb 13 15:18:44 2012,2007-12-06 14:14:08.537625,08-31-2017
116,12,115,. 9989125229784287,Sat May 11 11:29:25 2024,2013-08-31 18:31:19.267311,02-04-2018
117,45,116,"0  ,9890846021580945",Fri Nov 13 12:31:38 2009,2027-04-08 02:42:17.091124,04-30-2010
118,6,117,0.8293 580111968769,Wed Aug  8 19:32:16 2012,2015-05-09 22:59:22.463452,01-24-2010
119,10,118,"0,8514128101866996",Thu Jun  8 01:21:49 2017,2010-05-01 10:06:19.726105,05-05-2029
120,0,119,0 . 673150463868206,Fri Dec 27 14:29:48 2013,2005-05-05 06:01:27.357268,06-02-2029
121,7,120,0.528239428 5438691,Wed Dec 19 07:52:27 2029,2027-05-29 09:39:34.851361,03-18-2022
122,21,121,0. 48 071712072949624,Fri Aug 14 13:23:41 2015,2024-07-25 23:36:58.171522,08-16-2025
123,24,122,0 . 1779469176256281,Tue May 19 09:17:19 2015,2020-09-30 10:56:54.379238,08-03-2009
124,42,123,0 . 8896478600845183,Fri Feb  4 12:27:13 2028,2009-07-23 01:02:08.916786,07-16-2015
125,7,124,0 . 8444214656380727,Sat Sep 22 06:22:09 2012,2025-06-03 20:56:51.415726,02-25-2023
126,29,125,0.794 6635516223353,Wed Jul  5 04:46:19 2023,2009-01-24 12:53:37.715939,08-08-2019
127,12,126,0 .  5645261511104757,Sun Sep  1 07:29:17 2024,2029-01-05 00:17:05.902405,05-11-2017
128,13,127,0 .14331256961872685,Sat Jan 10 19:38:24 2004,2006-08-16 16:27:06.554974,12-10-2010
129,27,128,0.812873653 77514,Tue Apr 12 23:46:26 2005,2028-11-01 23:06:28.617476,05-21-2020
130,21,129,0 .9413903504408372,Thu Jun 16 02:33:27 2022,2027-10-15 06:13:18.823819,01-15-2003
131,33,130,0.6531827958417622,Thu Sep  7 04:06:53 2017,2023-04-27 18:47:55.755657,05-01-2016
132,52,131,0. 7903231259494602 ,Sun May  5 08:09:44 2013,2025-05-07 07:57:12.665477,07-25-2026
133,54,132,0 .8589160534827885,Thu Jan  7 23:27:43 2021,2007-12-11 11:45:32.260589,03-17-2021
134,15,133,"0 ,583930203081 2576",Tue Jan 11 03:24:50 2005,2025-04-02 06:39:33.093374,07-20-2020
135,41,134,0. 845594480511414,Sun Dec 29 03:48:33 2013,2016-06-13 13:08:28.817603,04-04-2007
136,8,135,"0,  7580685858292868",Wed Mar  4 14:51:58 2015,2021-06-19 07:26:37.192160,06-10-2030
137,28,136,0.708405025553991,Fri May 29 19:59:53 2009,2016-12-06 18:39:49.667208,01-11-2005
138,8,137,0.954202740931378,Mon Aug 29 04:20:12 2022,2003-05-03 00:20:29.838880,03-25-2028
139,49,138,0  .8955088909353709,Fri Oct  6 03:46:48 2023,2006-11-10 13:51:16.609428,01-10-2007
140,4,139,0  .23824652091135112,Fri Sep 13 03:20:25 2013,2028-05-11 16:36:37.835364,07-23-2006
141,33,140,0 . 22035700495997335,Fri Aug  8 23:05:26 2008,2009-08-31 10:39:30.663701,07-16-2003
142,16,141,0.6007143788917574,Sun Oct 12 14:25:10 2008,2026-08-21 11:52:40.955506,07-13-2022
143,5,142,0 . 52134685038569,Wed Aug  2 12:31:03 2023,2027-05-01 14:15:37.910541,11-09-2002
144,12,143,"0, 4256010476199945",Thu Feb  9 06:39:29 2023,2024-08-14 13:52:41.263803,07-15-2023
145,51,144,"0  ,8492365338 397194",Tue Oct 10 11:43:03 2006,2027-10-11 17:45:09.384421,12-29-2008
146,37,145,0 .855813597390207,Sat Nov 28 07:42:34 2015,2019-01-05 17:24:27.842469,08-21-2003
147,46,146,0. 714543268802579,Sun Apr 17 13:06:57 2005,2029-05-25 03:52:56.672380,05-08-2013
148,54,147,0 .7748645470262067,Sun Apr 26 11:00:31 2009,2020-07-11 10:21:08.834522,05-26-2015
149,38,148,"0,178780432312 22218",Mon Nov 24 16:49:05 2014,2024-09-17 20:58:56.621042,10-22-2005
150,54,149,0 .6363885307323875,Mon Sep 10 02:39:30 2029,2008-08-11 21:57:29.436188,02-07-2019
151,9,150,"0 ,6872536864830793 ",Wed Mar 10 09:57:35 2021,2017-05-28 19:38:49.918275,09-17-2024
152,43,151,"0, 09734762646828043",Thu Jul  9 23:46:35 2009,2005-04-28 15:51:48.079780,04-14-2017
153,46,152,0 . 5089148538093256,Wed Dec  9 03:03:02 2020,2020-10-27 21:02:14.415728,04-16-2023
154,40,153,0 . 80760 68988819536,Sat Nov 19 01:59:30 2011,2017-07-04 08:30:38.950757,03-10-2025
155,52,154,"0 , 3413990385500437",Thu Dec 17 22:49:08 2020,2024-06-18 03:41:41.767965,09-27-2012
156,43,155,0 .2812044287440265,Sun Dec  2 01:02:59 2012,2016-03-07 18:09:14.068406,07-13-2004
157,45,156,0.8180467847739971,Mon Aug 16 17:27:24 2004,2003-10-06 11:13:22.790291,08-07-2018
158,28,157,0 .8246371908623114,Mon Nov 27 00:22:59 2006,2011-04-29 12:37:25.168085,08-19-2017
159,29,158,0 . 12665827463698642,Fri Feb 17 13:35:29 2023,2023-11-16 22:12:43.154622,12-29-2022
160,29,159,0  .907 1825534656184,Wed Sep 12 11:57:49 2029,2015-05-07 17:12:54.191672,06-29-2013
161,44,160,0 .  7885196172352287,Mon Jun 28 15:18:35 2004,2014-08-30 20:33:07.021667,07-13-2010
162,50,161,"0 ,522953812220596",Fri Apr  2 10:48:18 2027,2026-08-30 00:24:06.383022,05-17-2016
163,52,162,"0  ,6114895419511677",Sat Apr 18 03:03:02 2009,2029-07-05 09:00:53.686701,08-19-2003
164,51,163,0  .  4023572363946837,Tue Feb 10 15:02:15 2026,2023-08-17 20:34:21.690562,05-24-2025
165,16,164,0. 08518966376208115,Fri Aug 28 11:33:21 2020,2029-01-20 14:45:52.123353,04-26-2013
166,10,165,0  . 450358 8273351453,Tue Oct 23 05:55:12 2007,2017-06-09 00:17:20.133544,11-12-2004
167,36,166,0 . 1398251553025742 2,Tue Mar  3 07:32:47 2009,2028-05-28 01:45:42.397453,04-19-2029
168,21,167,"0, 9702548187 526762",Thu Oct  4 21:20:55 2012,2021-04-25 10:05:25.504837,01-26-2004
169,49,168,0 .04291498710809505,Mon Jul 18 02:57:02 2005,2012-01-02 21:12:57.348199,12-08-2007
170,49,169,0.3874662619800975,Tue May 28 15:05:47 2024,2010-05-20 22:10:43.894093,04-05-2011
171,0,170,0. 3827913766799027,Thu Dec 28 19:17:40 2028,2018-03-12 11:29:28.402298,07-18-2008
172,14,171,"0, 30401827176617 835",Sat Mar  8 21:02:21 2025,2015-06-02 04:01:35.025918,06-15-2016
173,36,172,0 .  3021411741512313,Sun May  4 16:51:10 2025,2006-03-05 09:38:13.957886,02-02-2012
174,45,173,0. 4356650330192826,Sat Aug 11 23:17:38 2018,2009-12-24 05:09:32.751053,02-21-2015
175,40,174,0 . 16356014326289248,Sun Sep 16 05:40:29 2029,2019-07-12 12:40:19.786435,10-28-2006
176,47,175,"0 ,  994898855 5753749",Sat Feb 11 14:37:31 2017,2009-12-01 12:32:04.568982,12-17-2018
177,17,176,"0   , 6941882893179903",Sun Oct 15 22:16:02 2006,2023-01-21 05:58:49.224940,06-17-2023
178,16,177, .4700278415903406,Thu Apr 26 16:36:55 2029,2022-05-30 09:27:36.995854,05-20-2004
179,18,178,0 .464213711960319,Sun Apr 11 20:38:14 2027,2026-08-03 21:46:14.546996,01-29-2024
180,54,179,0.  19357792035562205,Fri Mar 17 14:15:46 2006,2010-07-11 02:27:50.792298,08-15-2029
181,35,180,0.1382152638093459,Sat Apr  4 00:27:50 2026,2019-10-29 01:30:55.308943,01-08-2003
182,40,181,"0,346 2341829086404",Sun Sep 16 17:07:26 2007,2027-10-09 11:33:36.422571,07-02-2005
183,1,182,0. 5600768614593511,Tue Apr  5 04:12:09 2011,2022-09-16 04:52:00.744964,01-01-2020
184,1,183,0.9845252862818171,Fri Oct  7 21:39:33 2022,2009-01-06 15:37:59.549568,10-16-2026
185,13,184,0.4144848986591383,Fri Feb 10 20:55:56 2012,2021-01-10 19:32:58.980530,11-20-2027
186,52,185,0. 20471206594988056,Sat Oct  2 14:50:23 2027,2013-05-19 01:39:23.511320,04-24-2020
187,31,186,0 . 7468070789241956,Sun Jul 19 00:39:11 2009,2018-11-25 11:23:08.799585,11-21-2016
188,45,187,"0, 8322257295092368",Mon Sep 28 23:22:14 2026,2029-07-01 18:16:29.387488,06-23-2022
189,18,188,0 .05670970620732818,Tue Jan 16 08:35:56 2018,2028-10-31 14:15:08.433412,09-01-2014
190,15,189,"0 ,  4180716740609982",Tue Jul 17 04:42:42 2007,2007-03-04 04:05:31.489910,11-02-2012
191,38,190,0 .  12641985726018123,Wed May  9 06:07:50 2007,2026-07-24 12:45:19.421985,01-03-2023
192,4,191,0. 9038676479369383,Sun Sep  7 08:10:41 2003,2010-11-09 00:42:12.304409,12-03-2017
193,36,192,0  .7975885758804688,Tue Jul 13 01:40:36 2010,2029-07-18 19:15:44.108698,01-28-2025
194,7,193,0 .4826529836792919,Tue Mar 13 12:19:05 2029,2020-06-01 11:35:20.782002,08-08-2006
195,37,194,0 .22192513330093777,Sat May 16 08:27:12 2009,2019-02-11 16:23:28.097242,06-18-2011
196,40,195,0 .6203134994665908,Fri Jan 24 10:42:42 2020,2022-03-14 20:52:20.116333,02-13-2025
197,48,196,"0,  1775922896184119",Tue Jan 16 17:10:13 2029,2030-01-10 04:11:53.726495,08-03-2021
198,26,197,0 .33810488231789404,Sat Oct  1 11:31:01 2022,2021-03-16 11:04:46.711868,04-20-2019
199,35,198,0.1 4445891571066938,Mon Jan 20 07:51:41 2014,2021-10-04 15:37:45.871542,03-13-2012
200,50,199,0. 7813176669006693,Thu Sep 28 22:40:58 2006,2015-03-27 03:04:00.535587,12-28-2026
201,2,200,"0, 7131358736978081",Fri Nov 26 15:29:05 2004,2017-07-29 09:34:39.362530,05-14-2029
202,30,201,0.2698689863350907,Mon Oct 19 01:09:11 2026,2024-12-24 05:46:29.990034,12-26-2018
203,33,202,0. 10425852525304657,Tue Jun  5 09:01:32 2012,2029-12-02 20:19:18.730588,06-14-2008
204,9,203,0. 0825082277156084,Tue Jul 20 16:09:30 2004,2004-01-05 16:40:34.663291,05-12-2020
205,0,204,0 .  9469120059116645,Fri Nov 19 12:35:58 2027,2014-08-14 17:35:09.722185,11-03-2025
206,37,205,0  . 3641696952842214,Wed Dec  3 01:20:36 2008,2022-11-24 09:48:08.064757,09-08-2011
207,31,206,0 .4 601937119164943,Thu Oct 26 12:56:54 2028,2015-03-29 10:44:49.777798,04-06-2009
208,40,207,0 .9596124024016097,Wed Oct 13 22:47:33 2004,2015-06-15 16:28:48.985322,05-21-2030
209,54,208,0. 518178057812984,Thu Nov 23 20:01:23 2028,2013-09-19 23:03:46.387110,02-12-2019
210,0,209,.7604860684311744,Thu Jul  8 14:29:04 2010,2017-08-13 14:42:20.576711,04-07-2027
211,35,210,0 .  237987362 28402517,Thu Jan 27 11:12:14 2028,2023-10-25 06:30:40.798457,01-31-2019
212,6,211,0 .20095606285763745,Tue Sep 21 02:19:45 2004,2016-07-31 08:26:09.244936,06-23-2028
213,9,212,"0,957 1863953333327",Wed Mar  2 02:16:42 2016,2017-07-18 09:43:26.380237,03-20-2030
214,19,213,0 . 9125569280092789,Fri Jan 14 20:01:14 2028,2020-04-22 04:37:39.794661,11-10-2022
215,13,214,0 .391504501645038 8,Sun May 27 02:22:03 2007,2026-11-19 14:51:53.323746,07-06-2017
216,20,215,"0,7455566370257068",Sun Mar 17 19:30:32 2013,2024-11-11 22:01:04.111229,01-21-2019
217,54,216,0.  7247096240493723,Mon Apr 22 05:11:56 2024,2014-06-19 10:43:38.566319,06-29-2022
218,9,217,0 . 21875918147669604,Fri Mar  9 13:40:37 2029,2016-02-12 13:22:31.758664,05-29-2016
219,47,218,0. 6781076574358175,Sun Jan 11 17:46:56 2009,2018-01-27 13:57:14.200394,03-06-2028
220,2,219,"0 ,6227105408708572",Wed Jul 28 05:14:45 2021,2003-11-04 02:44:01.929676,01-31-2019
221,22,220,0  .  3036266255643193,Sun Jan 28 16:28:12 2024,2021-03-06 18:30:04.186738,10-02-2004
222,6,221,0. 989389554081029,Thu Jul 10 12:03:31 2003,2017-09-14 22:25:35.891871,05-27-2016
223,53,222,0.  5353321453795739,Wed Feb 21 16:41:39 2007,2008-01-07 05:23:51.315503,01-02-2008
224,49,223,"0,  9845956360417999",Fri Jan 27 05:37:45 2023,2019-08-17 01:49:59.407665,03-12-2010
225,3,224,0.3819904942749588,Sat Sep 26 10:53:38 2026,2013-03-29 08:20:46.711465,02-08-2020
226,19,225,0 .547875944592356,Mon Feb 14 21:18:56 2022,2029-08-22 21:38:28.516387,03-28-2010
227,21,226,0.8118591561659,Mon Aug  2 06:39:18 2027,2007-04-15 02:53:03.654480,04-25-2025
228,4,227,"0 , 20039560615382468",Sun Jun 20 01:15:24 2010,2020-09-25 20:43:42.085314,11-03-2012
229,52,228,0.25462728519436884,Tue Nov 22 16:10:57 2016,2029-12-23 21:13:45.416492,04-25-2006
230,54,229,"0,9079126803176574",Sun Feb 13 12:00:47 2022,2027-12-30 04:59:51.052236,08-07-2015
231,20,230,"0 ,33 715585768298817",Fri Feb 15 02:02:34 2013,2018-01-07 10:39:02.789007,01-21-2027
232,54,231,"0, 8924241118564308",Sun Sep 29 09:12:24 2002,2024-03-25 16:28:01.605842,04-14-2004
233,28,232,0. 7556309350480596,Wed Aug 18 05:53:34 2010,2005-08-18 13:44:47.186847,11-16-2024
234,20,233,0 .6442323347378957,Mon Jul  5 19:57:52 2004,2011-09-08 22:13:13.006857,12-06-2023
235,40,234,0 . 06945546347614451,Sun Jul  8 22:33:39 2029,2004-12-25 11:04:08.748175,06-05-2006
236,32,235,0  .09923709840440476,Mon Sep 21 03:22:49 2009,2010-12-04 05:47:15.712581,08-27-2012
237,43,236,", 5691557959115044",Tue Oct 15 15:36:50 2013,2012-07-15 13:48:35.637430,07-05-2005
238,50,237,0 . 9551116921594219,Fri Feb 28 21:36:33 2014,2023-10-01 06:48:07.383309,03-02-2005
239,6,238,0 . 8463054003031609,Sat May 28 12:33:19 2022,2002-10-03 11:31:52.891325,10-10-2012
240,30,239,0.25688113437683024,Fri Jun 15 07:56:46 2018,2029-09-16 12:40:21.622318,01-05-2029
241,45,240,0 . 06462794554203355,Fri Nov  8 15:20:02 2013,2030-04-08 09:50:23.397611,11-09-2026
242,31,241,0 .32169756921682224,Fri Mar 20 20:31:20 2020,2013-02-20 14:04:43.265169,05-09-2016
243,53,242,"0  ,  8001647047075979",Tue Mar  1 19:38:44 2022,2026-09-03 19:45:17.766737,08-11-2028
244,53,243,"0, 45922568194312574",Sun Jul  5 10:57:59 2009,2020-12-10 16:32:57.679434,12-24-2002
245,44,244,0 . 6133162232022362,Tue Jun 22 14:26:03 2010,2030-01-19 18:46:10.686634,08-11-2027
246,47,245,"0, 8937817 576246876",Thu Feb  8 03:28:44 2024,2024-04-24 12:10:46.222424,05-08-2027
247,6,246,0 . 7140275910155965,Fri Oct 17 21:15:01 2025,2029-06-05 18:12:14.243874,09-17-2009
248,38,247,"0  ,5882717268072308",Tue Feb 14 02:58:57 2012,2013-12-10 04:56:23.887123,12-18-2004
249,19,248,"0,  19427277194704284",Fri Jun  6 09:37:56 2025,2026-02-19 03:04:22.496796,04-25-2026
250,40,249,"0, 972585986408615 8",Mon May 17 18:08:01 2027,2016-10-21 13:45:26.061967,03-13-2023
251,6,250,0.4420644284172648,Tue Jun 11 05:13:42 2024,2027-08-19 22:21:58.630536,10-20-2026
252,22,251,0 . 9634186478280758,Fri Dec 25 02:19:04 2020,2015-05-25 11:02:22.786625,08-09-2020
253,31,252,0. 8616457638082552,Fri Mar 26 08:03:01 2004,2007-09-15 14:18:17.005609,04-23-2024
254,48,253,"0 ,4738113045417829",Tue Mar 29 12:37:59 2005,2024-04-23 17:15:45.199970,01-24-2029
255,31,254,0.5041938867357835,Wed Dec 26 10:16:03 2012,2013-04-15 06:34:01.335277,07-13-2010
256,20,255,"0, 2497177816942654",Sat Jun  2 14:56:40 2018,2015-10-24 00:49:45.583173,09-02-2025
257,52,256,0. 87091 32819556472,Sun May  4 01:17:40 2008,2024-05-25 19:15:20.305439,10-28-2028
258,18,257,0 . 9335480770674679,Sun Jan  4 02:05:42 2009,2026-03-27 17:57:44.157093,12-17-2013
259,5,258,0 .70412984 16321602,Thu May  4 20:36:43 2017,2012-08-01 16:34:41.603628,12-10-2026
260,12,259,0 .6250962514419213,Fri Apr 22 04:39:29 2016,2018-10-03 16:55:12.947690,08-24-2023
261,6,260,0  .13333428488309473,Sat Dec 25 11:35:37 2027,2020-03-27 19:17:47.453520,07-27-2009
262,53,261,0. 6747046022140919 ,Sun Jan 22 20:21:02 2017,2025-11-21 23:32:29.377955,02-20-2030
263,49,262,0.11778857894537531,Sun Aug 26 21:09:16 2012,2026-11-10 13:56:21.804840,07-08-2009
264,51,263,0 .7964513593294228,Tue Nov 14 00:06:23 2023,2029-08-13 03:58:33.142623,04-01-2009
265,7,264,0. 39162749854378465,Thu Sep  8 13:55:58 2022,2008-07-25 18:26:19.381681,05-26-2012
266,1,265,0  . 04517651340635387,Mon Apr 12 02:01:25 2010,2010-10-31 10:02:23.326689,01-16-2007
267,47,266,0 .414 2126552221339,Sat Jan 22 22:42:39 2011,2016-05-26 10:26:00.643906,11-15-2027
268,27,267,0 . 4967467 7116506993,Sat Dec  5 21:19:57 2009,2006-08-05 16:42:21.175214,06-21-2007
269,21,268,0 .90868 77885196513,Thu Jan 17 01:06:07 2019,2017-01-20 21:20:45.960620,12-11-2007
270,10,269,0.8706971932786564,Sat Mar 18 16:07:43 2017,2018-03-13 13:21:32.579325,06-09-2014
271,34,270,0 . 9109805262153591,Thu Aug 18 01:00:06 2011,2011-11-08 11:56:20.942236,08-24-2011
272,14,271,0. 10221607980664438,Tue Aug 20 06:53:30 2030,2003-10-29 17:01:20.392670,08-13-2023
273,18,272,0. 9030993730591313,Wed Mar 14 02:57:48 2018,2022-06-12 05:07:04.345031,11-12-2023
274,3,273,0 .4 039507442835054,Fri May  2 23:56:07 2025,2022-10-10 22:41:46.820727,08-27-2014
275,8,274,0.21508397487702158,Tue Sep  5 21:30:46 2023,2020-12-29 22:34:35.760972,07-11-2019
276,47,275,0 .4 945754128888947,Sun Apr 17 10:21:25 2005,2011-08-13 19:33:24.118310,05-27-2012
277,17,276,0 . 8458098360680203,Wed Feb 20 03:44:52 2030,2017-01-16 04:43:13.568974,08-01-2028
278,4,277,0.  22494141580275562,Wed Mar  5 19:19:08 2014,2006-03-21 02:20:57.108764,04-16-2028
279,23,278,0 . 3886087182581127,Tue Oct  3 20:39:58 2017,2008-12-25 17:29:43.492356,06-01-2009
280,31,279,"0,   7927770919354835",Sun Jan 19 14:29:07 2014,2022-02-27 12:59:07.465180,05-17-2008
281,5,280,0.07251627468819144 ,Thu Feb 19 14:33:51 2015,2009-03-05 08:15:57.311822,10-26-2018
282,10,281,0 .41029656822627025,Sun Sep 16 05:38:04 2007,2026-04-16 16:26:18.456846,12-15-2003
283,14,282,"0 ,8189255988967179",Fri Oct 31 12:41:37 2025,2018-04-16 12:35:08.171461,11-13-2030
284,16,283,0.3920465868043883,Fri Dec 15 09:46:04 2017,2009-01-26 14:29:50.101356,06-20-2022
285,47,284,0.120469 19218364915,Fri Oct 22 13:16:35 2021,2010-05-17 03:05:55.507973,01-29-2030
286,33,285,0. 3181446175712802,Wed Feb 25 17:09:56 2015,2023-03-31 13:09:52.444344,10-19-2022
287,12,286,"0,37116854949 8353",Fri Oct 13 20:05:32 2006,2016-03-21 11:57:01.915756,07-24-2013
288,32,287,0.  13752719497927135,Tue May 22 07:19:20 2018,2030-01-11 03:35:05.553335,08-07-2029
289,49,288,0.60840 79357970654,Fri Dec  5 04:49:27 2014,2010-12-31 13:11:57.518651,05-31-2028
290,47,289, 0.8705993064801492,Fri May  2 19:42:55 2008,2016-01-15 08:00:00.896533,06-28-2026
291,51,290,"0  , 490793598310294",Wed Mar 24 17:15:18 2021,2012-12-21 09:30:43.648640,01-31-2018
292,35,291,0. 92187176765223 64,Wed Oct 26 20:06:00 2016,2020-02-07 15:14:29.420378,03-22-2003
293,6,292,0 . 14847752915114076,Tue Aug 23 22:06:33 2016,2020-02-27 09:46:39.793154,01-02-2021
294,49,293,0. 755644211232185,Thu Apr 27 04:30:33 2006,2018-08-10 01:12:37.501535,08-26-2021
295,18,294,0 . 5542552767993536,Tue Mar 11 02:34:55 2014,2024-11-02 19:00:16.037362,08-10-2003
296,5,295,0 . 84441225481048 41,Thu Jun 30 04:40:54 2016,2019-03-18 10:38:45.732792,12-23-2019
297,33,296,0. 3886275550131003,Sat Apr 25 08:54:13 2009,2015-08-06 08:52:34.229862,05-30-2017
298,24,297,0 .9758070964335294,Fri Sep 12 11:11:53 2008,2025-03-30 21:42:25.178216,09-16-2023
299,26,298,"0 ,29357055269089294",Sun Aug 14 04:15:40 2011,2003-10-11 12:41:43.822451,05-08-2025
300,24,299,0 . 34153070232957894,Tue Sep 22 19:03:51 2020,2016-09-29 09:07:42.380095,12-01-2030
301,2,300,0. 31920515357892676,Tue Sep 21 20:17:56 2021,2022-02-14 01:10:09.537532,07-01-2012
302,45,301,"0 , 9094256054978628",Thu Mar 11 19:45:13 2010,2004-06-30 15:05:03.647247,10-03-2006
303,9,302,"0 ,7529410168192964",Mon Jan 23 14:07:59 2023,2008-08-30 00:29:08.991721,06-02-2005
304,25,303,0 . 37147912805961136,Sat Dec  3 15:30:11 2011,2008-05-05 09:08:32.274158,02-15-2031
305,22,304,0.8950909131900634,Sun Jun  9 00:47:56 2024,2003-01-30 23:09:44.755251,04-04-2007
306,22,305,0 .009347815793158909,Wed Jan 17 09:34:37 2029,2027-06-17 02:18:45.874496,04-13-2026
307,33,306,0 . 31048618366463143,Sun Aug 31 03:10:54 2025,2020-07-10 14:03:39.717194,12-19-2016
308,47,307,0 . 011468613583088594,Mon Jan 14 03:16:27 2019,2005-06-13 02:46:27.300589,09-28-2025
309,42,308,0 . 6521272443227374,Thu Jul  5 03:57:12 2007,2019-09-27 06:13:57.626087,02-26-2016
310,19,309,0. 496609151767 4246,Thu Mar  1 14:06:47 2029,2006-01-26 10:11:59.399179,06-21-2020
311,25,310,0. 8335570777605327,Thu Nov 11 10:37:34 2021,2028-05-17 06:40:07.557396,10-14-2023
312,46,311,0.976783568315889,Mon Apr 27 13:26:11 2009,2009-04-17 16:01:53.369223,11-23-2007
313,17,312,0. 7121146954235192,Tue Jan  8 21:17:47 2013,2024-01-28 09:07:41.416365,11-16-2006
314,18,313,0. 7824996881401812,Sun Mar  3 23:37:24 2013,2021-02-28 12:08:37.103294,12-11-2005
315,7,314,"0, 22223 73277859192",Sat Apr  9 05:38:24 2022,2018-05-01 10:06:19.460605,04-29-2020
316,10,315,0.  1321018070115736,Wed Feb  9 17:13:10 2011,2029-04-23 10:05:59.083018,07-01-2018
317,48,316,0 .  14354245093111107,Thu Jan 28 19:47:03 2021,2030-02-07 21:54:25.780190,08-10-2019
318,21,317,"0 ,2271993795765329 ",Wed Jun 22 21:07:53 2005,2022-05-05 22:30:44.590256,06-11-2023
319,49,318,0. 47890109082633 747,Fri Dec 19 20:22:52 2003,2008-10-11 08:57:04.891167,09-24-2030
320,45,319,0.14960654778232407,Sun May 26 09:41:38 2024,2023-12-12 15:28:52.627913,12-06-2008
321,5,320,0.8576118994078185,Sun Sep  6 15:13:06 2015,2011-08-25 03:24:34.743291,03-16-2007
322,42,321,0.  6804419563800372,Tue Sep  8 17:59:26 2026,2015-11-18 22:04:17.545115,07-04-2005
323,23,322,"0 , 9806950563342943",Mon May  3 07:35:21 2027,2028-12-25 02:31:38.373299,02-16-2021
324,50,323,0 . 09113297588724734,Thu Jul 18 05:54:52 2019,2014-04-03 03:01:34.635936,08-25-2013
325,18,324,"0 , 027629 429488544632",Mon Nov 14 06:47:11 2022,2003-05-21 04:21:07.886319,12-05-2013
326,49,325,"0, 47273319023503413",Sat May 18 01:45:11 2024,2007-02-22 19:51:42.657729,02-10-2017
327,7,326,0.11506969095099462,Thu Apr  8 02:16:51 2004,2021-12-11 02:54:18.654747,10-26-2021
328,3,327,0 .  8835246628038423,Thu May 25 00:14:31 2006,2026-09-08 23:07:18.515944,04-04-2005
329,30,328,"0, 5627577283979746",Tue May 29 06:37:53 2018,2015-06-02 08:22:22.306283,05-21-2023
330,22,329,0  . 48739317160480655,Wed Nov  1 07:29:45 2028,2026-11-08 04:38:41.894641,03-23-2013
331,39,330,0.3045431954018175,Mon May  1 15:15:23 2023,2027-11-11 07:11:48.077858,07-18-2023
332,23,331,"0, 36225487525106115",Sun Nov 13 14:49:15 2016,2004-03-24 12:26:18.570671,03-14-2008
333,34,332,"0 , 6021657651532604",Sat Dec 19 15:47:08 2026,2025-02-27 06:34:24.272473,12-10-2030
334,28,333,0. 046072001400854434,Wed Jan 29 10:25:17 2031,2025-07-12 19:31:02.677501,05-29-2022
335,7,334,"0, 8931911795670788",Thu Sep 21 09:33:37 2006,2021-09-05 18:42:40.972423,03-20-2005
336,39,335,0 .2275230260080939 3,Sun Jun 22 06:25:19 2008,2009-10-03 04:10:54.289906,12-06-2003
337,18,336,0 . 283189404187445,Sat Sep 21 01:35:13 2024,2025-06-22 16:15:17.084125,06-19-2030
338,44,337,0 . 43205971934101994,Fri Aug  6 10:00:28 2027,2006-07-29 18:37:08.731537,01-05-2006
339,13,338,"0,27959093499540166",Sun Oct 22 19:52:31 2006,2024-11-25 12:25:12.459702,06-11-2003
340,8,339,0  .4898666978602505,Wed Nov 25 16:06:57 2009,2019-01-01 20:38:54.583920,12-18-2016
341,24,340,0 . 13190244979548127,Wed Mar 29 19:10:52 2017,2018-04-19 11:15:03.159480,11-23-2007
342,28,341,", 6972 474452879523",Sat Aug 11 08:04:12 2007,2028-08-25 03:08:09.452122,07-22-2005
343,9,342,"0,13648177476422751",Sat Jul 30 09:29:45 2016,2009-04-12 06:54:18.601712,08-25-2011
344,46,343,0.9645325081871932,Mon May 16 13:41:25 2011,2015-12-29 09:01:06.468240,09-14-2015
345,46,344,"0,5959853244772212",Sun Aug 22 19:02:51 2021,2020-04-16 01:28:56.717778,10-16-2002
346,47,345,0 .9929017251492753,Tue Sep 20 03:31:38 2011,2005-03-29 05:51:09.701544,12-18-2004
347,22,346,0.14325927500413072,Mon Mar 22 16:26:16 2010,2021-09-14 15:06:59.395519,08-31-2004
348,49,347,0. 8640 103149246839,Mon Jun 22 06:01:46 2026,2014-07-06 16:54:41.653935,08-07-2021
349,39,348,"0 ,8411149514779811",Tue Oct 17 00:28:09 2023,2011-01-28 11:55:27.774394,12-24-2029
350,2,349,"0 ,289871908 83450353",Sun Apr 29 16:27:49 2018,2005-05-16 04:55:06.855994,08-20-2026
351,9,350,0  .4868605148333627,Wed Aug  4 16:17:32 2010,2004-10-29 11:29:22.282785,08-17-2024
352,33,351,"0 , 7070469690632 023",Sat Jun 15 23:25:34 2030,2017-10-28 14:07:15.025059,04-26-2017
353,25,352,0  .676611207 5371572,Thu Feb 12 01:12:12 2015,2008-11-08 01:49:03.622005,11-24-2024
354,8,353,0.  2294699197316551,Wed Jul 28 22:39:15 2010,2021-04-20 20:59:51.664411,09-30-2009
355,34,354,0 .18441704408860893,Wed Oct  4 03:25:44 2006,2014-01-05 15:10:22.916565,02-29-2012
356,30,355,0 .033536619893359765,Tue Oct  4 15:48:16 2022,2019-05-03 19:37:50.682350,11-20-2012
357,44,356,",16345763550592596",Sun Sep  5 06:00:15 2010,2018-04-23 10:08:07.318962,04-09-2016
358,9,357,0.6644079474011072,Thu Jun 28 16:02:25 2007,2020-04-26 23:13:56.707326,02-23-2004
359,36,358,0. 4 7808424148007167,Sat Dec  4 21:14:44 2004,2022-05-16 03:18:03.190993,04-11-2029
360,10,359,0.8004846089919 978,Tue Aug  5 22:12:53 2008,2031-01-04 05:03:33.374817,02-12-2009
361,43,360,"0  ,337502 76426486847",Wed Sep 24 04:30:56 2025,2020-07-08 13:14:19.917458,01-11-2014
362,21,361,0. 44326748040249486,Sat May 25 14:54:10 2024,2005-07-18 15:34:40.403377,07-30-2023
363,4,362,0  .  9670370604606937,Mon Jan 31 17:44:58 2028,2008-04-17 09:19:32.713147,03-30-2012
364,24,363,0.509256544 9143872,Wed May 26 18:37:29 2021,2027-06-30 06:45:35.049977,05-10-2025
365,16,364,0.6425986889199714,Mon Jan  8 23:58:31 2018,2003-08-25 17:49:28.718871,10-16-2012
366,18,365,0  . 36132016961067925,Sat Mar 10 04:05:22 2018,2004-05-06 03:56:26.167428,11-02-2018
367,3,366,0.21772040681003924,Mon Mar 10 07:43:01 2003,2022-08-08 13:04:29.447015,01-28-2025
368,43,367,0 .48193954679520823,Sat Dec 26 14:57:07 2020,2016-06-28 21:53:12.483380,08-13-2021
369,4,368,"  ,16748417194412413",Mon Apr  6 22:09:18 2015,2020-12-30 12:48:19.672419,02-22-2019
370,3,369,0.  26844519351011253,Sun Jan 29 01:14:27 2006,2007-12-09 21:17:26.139130,06-03-2025
371,51,370,0.207448 57163234798,Sun Jan 26 12:56:42 2031,2007-04-20 16:49:26.720180,07-12-2006
372,11,371,0  . 6963688560962826,Mon Dec 18 18:26:13 2017,2014-02-06 08:48:49.046784,09-13-2016
373,26,372,"0 ,929250 3761414093",Sat Jun 22 22:50:50 2030,2028-01-14 14:17:26.715837,11-09-2026
374,22,373,0 . 9675838347681439,Fri Dec  6 05:08:15 2019,2011-07-21 23:43:22.725844,02-07-2025
375,41,374,0  .  38037898438386886,Tue Jan  3 20:53:58 2017,2009-01-05 17:46:07.525635,04-03-2011
376,52,375,0 .62790743 89547418,Mon Feb 17 04:20:19 2003,2029-01-30 22:52:42.613840,07-18-2018
377,41,376,"0,3684411050521449",Mon Aug 30 10:02:31 2027,2025-05-30 16:30:09.779521,03-21-2007
378,27,377,"0,2233706960 6283244",Fri Jun 14 17:29:37 2019,2010-08-16 06:59:29.518721,07-21-2003
379,54,378,0 .9957516100970827,Thu Jun 19 14:48:13 2025,2020-05-05 09:44:39.478468,02-09-2011
380,45,379,0  . 8617352328387907,Mon Nov  1 17:12:04 2021,2015-02-12 10:18:34.343316,07-10-2004
381,41,380,"0 , 3977269957817807",Tue Feb 20 03:24:34 2018,2021-07-05 13:31:45.122865,09-13-2024
382,32,381,0 .  44299113211443863,Tue Jan 28 08:12:27 2031,2021-05-26 07:32:22.737453,06-25-2017
383,48,382,"0,6351571950773388",Tue Jul  2 17:31:00 2030,2003-02-07 22:35:21.667118,08-07-2024
384,50,383,0 . 34453635111682646,Fri Feb 18 05:17:22 2011,2015-05-21 10:31:40.652737,11-02-2015
385,34,384,0 .8201529288500629 ,Sat Aug 14 04:38:18 2010,2021-03-18 20:38:12.428046,10-19-2020
386,14,385,"0,9978 26629269995",Fri Sep 25 21:15:54 2020,2027-07-28 12:16:00.575180,06-09-2011
387,50,386,"0 ,23802371109896936",Tue May 18 06:22:30 2010,2030-04-08 03:25:36.567770,12-22-2023
388,50,387, 0 .  4754331841505943,Wed Mar 30 01:38:01 2022,2004-05-23 13:48:09.585520,12-13-2026
389,19,388,0.5568103521172744,Thu Oct  6 14:05:27 2005,2005-06-09 17:13:20.324988,03-27-2019
390,12,389,0.5900985626293941,Tue May 28 08:10:56 2030,2026-09-10 18:49:04.956162,08-12-2019
391,38,390,0 . 5271175581429722,Sun Aug  6 23:14:51 2023,2008-08-12 15:46:20.692600,09-04-2030
392,17,391,"0 , 7238130110236286",Wed Aug 21 03:47:37 2030,2029-05-07 14:55:51.199749,04-26-2003
393,45,392,"0 ,  86 75880378915984",Thu Jul  5 03:50:24 2018,2015-03-01 01:29:20.418522,04-13-2018
394,37,393,"0  ,9001137743665403",Thu Apr 22 12:37:47 2004,2027-02-07 11:58:41.907158,01-16-2003
395,38,394,"0,22151897706 823243",Sat Nov 16 13:32:28 2019,2029-10-30 23:17:37.142055,12-15-2030
396,46,395,0 .9884975742394093,Sun Dec 22 10:24:42 2013,2020-09-11 16:02:45.357091,07-29-2006
397,37,396,0  . 689255993125661,Thu Oct 28 21:55:24 2004,2023-08-05 22:01:06.758581,05-31-2026
398,17,397,0. 5841820507644424,Sun Dec  9 13:06:33 2029,2029-08-21 23:49:22.403100,06-13-2013
399,20,398,"0,7991279974122929",Fri Dec  1 06:35:49 2023,2016-02-17 12:18:57.299633,10-08-2009
400,13,399,0.22841591931076144,Thu Oct  4 18:35:39 2018,2027-02-27 04:08:45.008114,05-17-2025
401,9,400,"0,8925670959730254",Wed Nov 29 13:42:05 2028,2025-07-30 16:43:26.655921,05-12-2028
402,38,401,0 . 5888074306175717,Tue Oct 23 22:06:36 2012,2004-03-22 02:27:13.865801,12-19-2014
403,48,402,0.9300718844393995,Sat Aug  9 17:53:54 2014,2016-04-08 02:25:00.411471,10-16-2012
404,30,403,0.417346906561279 6,Sun Sep  6 13:19:22 2026,2023-09-05 18:40:25.215792,05-01-2027
405,26,404,"0 , 8649831825094371",Sun Apr  4 12:29:45 2021,2026-12-13 16:52:27.049440,10-20-2024
406,2,405,0. 6410401321949338,Tue Jan 29 00:20:37 2013,2003-04-19 12:36:45.013676,02-16-2020
407,24,406,"0   ,2544120999340973",Wed Feb  5 08:17:24 2020,2010-12-06 11:06:03.830995,12-03-2011
408,7,407,0 . 46262531099334947,Fri Sep 15 06:51:18 2006,2030-11-17 05:38:59.479400,03-18-2018
409,22,408,0.6282722615748109,Sat Feb 24 04:10:50 2029,2008-07-17 16:12:44.509341,01-22-2018
410,2,409,"0 , 40384513396 81842",Sat Jul 30 07:11:36 2011,2010-06-14 20:08:22.443772,11-15-2019
411,20,410,0.9191417464293343,Sat Aug 19 08:58:13 2023,2023-06-21 15:04:00.087649,05-12-2003
412,29,411,"0,998403310538465",Tue Aug 31 22:05:33 2010,2019-11-28 16:34:54.085411,01-21-2007
413,22,412,0 .023620349076854286,Tue Jan 15 21:39:14 2030,2018-07-23 17:23:50.485989,04-24-2003
414,39,413,0 .  5200607684330206,Thu Jun  9 03:41:08 2022,2017-09-14 14:27:46.064174,08-29-2010
415,23,414,0. 21262567288077883,Sat Jan 15 06:25:38 2011,2016-10-30 10:17:22.208684,10-01-2004
416,12,415,"0 ,6949033441536219",Fri Oct 25 04:42:58 2024,2027-06-13 05:50:44.021286,02-14-2003
417,0,416," 0  , 19926443857396037",Mon Sep 14 14:52:00 2015,2026-09-11 21:31:45.005713,09-30-2003
418,43,417,0.5194402208316936,Fri Dec 14 15:54:12 2018,2014-06-21 00:25:54.232629,10-12-2012
419,46,418,"0 ,771941849945105",Thu Mar 12 03:36:50 2015,2030-09-06 13:00:16.453861,12-03-2028
420,44,419,  . 01679680 649356663,Wed Aug 19 09:09:16 2015,2003-06-29 01:24:02.731719,06-09-2029
421,10,420, 0  .7054991072697826,Wed Jan 18 08:31:42 2006,2023-10-12 06:09:20.416183,09-24-2002
422,29,421,0 .8782573 317473584,Wed Nov 15 23:15:05 2028,2022-04-08 20:24:21.092635,04-24-2023
423,19,422,0. 4517 468429943471,Tue Apr 20 16:22:25 2027,2017-06-15 21:02:57.591364,03-13-2030
424,43,423,0. 8921616228520626,Thu Mar 25 20:36:27 2027,2031-02-22 19:13:10.684624,06-22-2010
425,10,424,0.6789698948541522,Tue Aug 29 17:49:33 2028,2012-02-02 01:03:04.979251,05-31-2014
426,42,423,. 03087037209584797 5,Mon Sep 28 20:33:21 2020,2027-12-26 12:12:48.198973,11-16-2012
427,54,426,0  . 9658679310136237,Mon Jan 21 09:47:47 2019,2020-09-19 22:32:57.678944,01-05-2009
428,27,427,0 . 8048840754706409,Fri Sep 27 13:08:26 2002,2002-09-12 02:35:56.471655,12-30-2015
429,4,428,0 .10561993862493546,Thu Feb 17 10:29:38 2022,2024-12-13 04:41:16.583914,01-08-2020
430,26,429,"0  ,46661946 78345976",Wed Nov 15 16:40:41 2006,2018-05-14 03:08:29.264816,06-15-2013
431,34,430,0  . 97088596 36868002,Wed Mar 16 18:41:26 2005,2026-02-22 23:35:38.869723,07-07-2017
432,50,431, .4876556928079464,Sat Dec 14 21:27:32 2019,2006-09-08 11:21:06.451698,02-23-2025
433,18,432,0 .49624757169449796,Fri Feb  7 16:49:34 2003,2005-04-08 12:29:41.879173,05-26-2004
434,34,433,0 . 8595642492 862395,Mon Dec 13 00:23:53 2010,2019-02-19 20:46:41.612856,04-23-2015
435,23,434,0.32585517890889 926,Wed Jan 29 00:21:50 2003,2030-11-19 16:34:48.953343,03-13-2014
436,18,435,0.858 362549629406,Fri Sep 21 11:51:54 2018,2023-02-02 18:13:32.577987,09-22-2028
437,31,436,0 . 6013168170065826,Sun Jul 16 04:18:19 2023,2030-01-16 11:57:55.217622,03-07-2030
438,32,437,"0 , 58422566 075497",Fri Aug 19 11:07:00 2005,2027-02-20 20:30:50.871582,09-25-2005
439,40,438,0.07885718304497791,Wed Mar 13 22:46:40 2030,2007-11-27 22:14:27.254623,02-14-2016
440,14,439,0.4569800069365415,Thu Mar  4 17:12:35 2021,2004-01-14 18:43:17.480393,07-21-2020
441,0,440,"0, 8989798748161933",Mon Jun 17 22:11:48 2019,2022-11-03 14:46:12.401443,09-28-2020
442,6,441, 0.5477338470587523,Sat Apr 21 14:20:58 2012,2029-08-08 22:59:30.162978,02-24-2026
443,13,442,0  . 13475920348941606,Sat Jan 20 15:52:11 2007,2010-01-28 16:11:01.383293,07-13-2004
444,14,443,"0,610417373549 6266",Sun Dec 26 05:00:18 2021,2014-03-09 10:54:58.653514,04-20-2003
445,31,444,"0 , 62 03336788697423",Tue Apr 24 17:14:33 2018,2015-12-04 22:00:44.880055,10-24-2008
446,7,445,0 .011197423789675809,Tue Jun 24 17:42:40 2008,2024-08-26 13:15:04.982128,07-31-2028
447,49,446,0 .973644985904855,Sun Mar 28 08:10:34 2027,2003-09-25 15:13:34.801553,02-26-2030
448,36,447,0 .54519462 37993636,Thu Apr 25 21:41:40 2019,2013-02-11 00:02:40.696066,04-23-2030
449,24,448,0.9737160409475274,Mon Aug 23 04:10:09 2010,2029-03-03 06:00:12.143376,02-06-2025
450,48,449,"0 , 6635264165016498",Thu Nov 29 19:46:23 2012,2013-12-12 20:45:58.127234,12-14-2014
451,37,450,0 . 6628641031172917,Fri Nov  7 10:03:50 2014,2008-05-08 12:41:09.950608,08-12-2018
452,22,451,0.9907187239423019,Fri Jan 17 14:42:32 2020,2014-07-05 18:35:32.153649,02-02-2009
453,54,452,0 . 449803040395511 33,Wed Apr 27 03:15:20 2005,2026-06-15 03:24:38.659430,12-11-2017
454,2,453,0.  5272234501100416,Wed Apr  2 15:24:33 2008,2028-09-15 21:34:13.553463,05-01-2004
455,15,454,0.  5731988757306842,Sat Apr 28 15:25:52 2018,2016-02-10 09:19:55.269623,04-28-2010
456,18,455,"0 , 9624957469705196",Mon Dec 11 18:44:28 2006,2003-08-28 06:20:04.062166,10-11-2009
457,51,456,0.29407659962759436 ,Sun Feb 11 12:12:50 2024,2015-03-04 07:27:13.680526,09-27-2018
458,35,457,"0, 5755140006176781",Thu Dec 12 10:35:01 2019,2023-07-20 02:27:57.785856,10-05-2012
459,17,458,0 . 419836878000287,Sat Oct 19 08:16:24 2024,2003-04-27 00:31:38.773387,03-12-2016
460,5,459,0. 9 334214995876122,Thu Oct 31 14:33:41 2002,2005-08-31 03:11:40.188355,02-24-2029
461,48,460,0 .223681 80450049957,Wed Sep 17 03:16:15 2014,2015-01-27 18:19:43.345601,02-27-2028
462,26,461,0  .4046235770700354,Thu Dec 31 14:06:39 2015,2030-09-28 08:01:16.546993,10-07-2017
463,26,462,"0,25778842647590205",Sat Dec 12 23:23:57 2020,2003-03-09 15:00:58.239133,05-14-2028
464,25,463,0 . 4146507441720515,Fri Dec 20 23:07:05 2002,2028-08-17 21:43:14.643167,05-17-2017
465,22,464,"0 ,6071372861136878",Wed Jun 23 09:55:59 2010,2015-10-23 16:32:14.424498,03-16-2025
466,25,465,0 .39154304309129373,Tue Jan  8 21:32:18 2008,2022-06-20 23:01:47.484308,01-08-2013
467,14,466, 0 . 04197662382394285,Sun Oct  1 07:37:11 2006,2019-05-15 20:05:32.183989,07-09-2003
468,20,467,"0,16605448671305045",Sun Dec 21 21:04:24 2014,2004-05-04 13:43:02.995900,10-25-2012
469,15,468,0 .6835737818686483,Fri Jun  3 09:56:16 2016,2007-06-07 10:48:48.879853,05-17-2009
470,23,469,0 . 469147900988266,Fri Feb 12 07:31:03 2027,2023-10-25 22:46:50.809178,09-23-2017
471,43,470,"0,33920596190089025",Fri Jun 24 18:20:09 2016,2016-04-04 13:50:48.476764,12-27-2025
472,6,471,0. 26547594734624025,Mon Jul 24 10:14:15 2017,2029-10-10 06:37:12.605910,08-27-2019
473,48,472,"0, 625 8370235514438",Thu Jul 14 01:01:38 2022,2019-09-07 11:10:49.800222,08-21-2004
474,31,473,0 .6226938777881879,Sat May 25 02:39:50 2013,2009-05-10 17:24:53.815218,11-03-2026
475,16,474,"0 , 52 59018388187686",Mon Sep 24 04:50:12 2018,2015-05-10 14:59:18.380857,12-23-2023
476,52,475,0 . 6610494845405036,Wed Sep  2 00:28:47 2015,2008-10-01 18:45:11.105910,07-23-2026
477,30,476,0 .62 51457170176742,Mon Jun 30 09:33:54 2025,2030-04-18 16:17:31.975353,02-26-2027
478,26,477,0 . 42252669872562076,Fri May 15 23:19:04 2020,2021-05-11 21:57:08.490691,04-21-2020
479,24,478,0. 015796555371758392,Thu Oct 22 09:24:08 2009,2028-07-01 04:00:47.631013,01-13-2028
480,9,479,0 .89869630718765 05,Fri Dec  8 19:02:34 2006,2028-02-06 00:36:10.371804,12-30-2004
481,41,480,0  .7244900969829154 ,Wed Jun 15 08:29:48 2016,2009-11-23 15:05:22.953239,08-27-2018
482,24,481,"0 ,  8961811159099988",Sat Jun 23 06:38:53 2012,2025-03-01 14:36:17.836295,04-26-2004
483,8,482,0. 71 00097008216488,Wed Mar 12 12:37:57 2008,2018-04-23 01:58:03.014484,07-29-2003
484,33,483,0 .4287012594938183,Sat Dec 18 14:06:55 2021,2024-02-07 21:22:10.560787,11-23-2011
485,36,484,0.6123906016629779,Fri Aug 25 11:44:57 2023,2028-02-28 18:23:28.655256,01-23-2020
486,47,485,"0  ,8752205395046069",Sun May  7 17:51:37 2023,2028-09-11 05:23:35.678751,02-19-2009
487,17,486,0 . 7792172925302946,Mon Oct  7 19:58:34 2002,2005-07-02 10:23:39.650796,04-26-2029
488,27,487,0 . 3585 927844816891,Sun Jan 25 17:10:03 2004,2003-07-21 04:25:20.811653,09-13-2003
489,2,488,0 .6085517945124966,Sun Jun  5 19:27:22 2022,2030-02-07 10:27:00.079695,03-05-2019
490,22,489,0 . 911054178023492,Sun May 16 05:02:19 2004,2011-10-03 11:35:38.592028,03-09-2026
491,22,490,0  . 5284171448454243,Thu Nov 21 17:09:35 2013,2016-03-14 06:33:54.498073,10-07-2021
492,43,491,"0 , 36 35989376758185",Mon Jun 30 01:38:08 2003,2012-06-09 18:08:15.650726,12-25-2029
493,35,492,0. 8388053674921143,Thu Nov 19 01:27:39 2026,2013-02-14 04:02:40.804762,03-15-2020
494,13,493,",  12880721881934842",Sun Nov 19 10:04:26 2028,2030-10-21 02:54:46.226401,11-11-2027
495,24,494,0 .  39377730445202197,Fri Dec 16 21:46:06 2022,2024-12-05 21:25:17.383713,06-23-2005
496,25,495,0.6184593497 765233,Sun Aug 13 13:57:55 2017,2008-04-25 00:41:33.906630,09-11-2008
497,48,496,"0, 4407788455487699",Wed Dec 21 16:29:38 2016,2030-06-30 14:32:33.331190,11-04-2017
498,5,497,"0,8915575806755226",Mon Mar  9 14:08:19 2020,2022-02-07 04:07:50.881562,11-16-2011
499,48,498,"0 ,9489093491507682",Fri Dec 23 18:52:46 2011,2026-12-03 08:16:26.069098,11-06-2014
500,40,499,0 . 435091260821837,Thu Oct  4 01:58:12 2012,2020-11-16 07:34:13.798823,06-12-2020
501,4,500,"0, 8135662 906959722",Fri Aug 13 21:26:24 2021,2003-05-10 14:12:59.345615,07-10-2005
502,1,501,"0, 8305378418603276",Wed Jan 18 09:57:31 2012,2019-08-12 23:11:17.799977,08-27-2024
503,17,502,"0 , 753702 7156207251",Sat Jun 13 02:08:40 2015,2005-04-16 03:06:30.915433,10-03-2030
504,45,503,"0,9895409316695188",Thu Apr 13 15:54:02 2017,2023-01-10 08:44:53.556258,10-17-2026
505,4,504,0.15926547483569753 ,Wed Aug  3 04:18:34 2022,2009-07-16 23:10:32.685223,12-26-2029
506,15,505,0 .  7823717745375529,Fri Aug 21 08:16:51 2026,2017-01-21 04:31:18.641253,02-18-2018
507,36,506,0.  263611415374851,Thu Feb 11 18:11:31 2010,2007-11-07 06:26:50.561745,05-06-2024
508,49,507,0  .76 79766759801808,Sat Apr 14 17:07:34 2018,2005-12-11 09:59:16.555102,12-22-2029
509,32,508,0 .83221813882 12323,Thu May 31 01:17:26 2029,2022-03-21 22:35:20.365478,02-05-2023
510,29,509,"0, 48753773113 95642",Mon Jun  2 21:49:29 2008,2014-06-01 04:48:57.903183,06-13-2020
511,50,510,0.37947518119076173,Tue May 15 19:38:15 2029,2011-11-08 11:56:31.480863,06-23-2011
512,36,511,", 34481212051140453",Fri Apr 21 13:40:07 2017,2021-05-31 15:38:26.810596,02-25-2022
513,34,512,0. 67828907900897,Mon Dec 10 23:12:03 2018,2008-11-19 00:58:29.233070,08-29-2006
514,51,513,0 .4548023879224822,Fri Feb 24 15:31:43 2017,2008-08-20 10:56:21.935767,04-14-2013
515,45,514,0. 032937928687323925,Sat Dec 28 01:06:30 2019,2020-09-04 03:05:52.119890,02-29-2024
516,37,515,0 .43495 92387271113,Fri Apr 30 15:18:53 2021,2014-04-27 13:08:47.885478,09-14-2003
517,13,516,0 .48043037298668145,Sat Oct 14 22:30:38 2006,2006-06-08 12:09:20.403785,10-26-2029
518,19,517,"0,80044505806602 85",Thu May 29 00:04:25 2014,2009-09-30 01:34:04.371597,08-11-2004
519,30,518,"0,98333389 22442203",Sun Jul 14 05:23:19 2019,2008-08-22 22:37:09.894323,08-26-2010
520,51,519,0 .  6200899423231024,Thu Jun 16 22:22:08 2011,2017-04-16 18:36:55.545138,01-25-2008
521,18,520,0 .24952822317605483,Thu Jul 10 07:33:14 2008,2005-06-15 07:50:37.285764,10-23-2018
522,45,521,0 .1014462326446195,Tue May 13 16:24:49 2014,2014-04-04 19:17:36.265890,04-24-2005
523,34,522,0 .  5144793478988923,Sat Aug 25 09:39:49 2029,2010-01-03 21:14:55.927956,02-21-2024
524,54,523,0. 162645830377479 82,Sat May 18 03:53:59 2013,2021-11-14 10:07:41.563421,06-11-2004
525,51,524,"0,5755178098680361",Mon Dec 29 01:01:58 2008,2027-05-03 18:36:41.545540,09-19-2003
526,21,525,0 .9172517551276218,Sat Feb 17 20:50:00 2007,2011-09-15 14:05:54.765017,05-13-2013
527,49,526,0 . 2944660995161392,Mon Nov 17 17:04:36 2003,2008-01-20 11:06:14.276838,05-03-2010
528,44,527,"0, 4499804441592691",Fri Jun 12 01:44:20 2009,2022-05-28 19:58:18.703248,05-20-2029
529,54,528,"0,7522889875331266",Wed Jun 25 13:20:29 2025,2031-02-11 01:44:23.468477,10-24-2022
530,18,529,0.4202022465238662,Thu Jul 29 20:30:05 2004,2005-06-13 20:07:27.690855,05-02-2018
531,36,530,"0 , 4711332881615431",Thu Jun  3 03:17:20 2021,2014-10-18 07:27:43.260238,08-06-2030
532,22,531,"0  ,8598133176089613",Tue Jul 23 19:18:58 2019,2017-06-14 20:31:12.345189,03-14-2006
533,5,532,"0,07184077592663252",Sun Sep  7 14:39:36 2014,2012-09-10 23:26:44.813543,08-16-2012
534,20,533,0 .4704405274779796,Tue May  2 19:44:24 2017,2026-12-13 06:13:58.231475,06-13-2015
535,36,534,"0,4280529506969796",Sat Oct 24 17:48:16 2015,2027-06-08 21:21:18.772968,06-03-2024
536,27,535,.21232804832069907,Mon Sep  1 03:35:23 2008,2016-11-03 22:36:38.290211,03-25-2030
537,51,536,0.7997123378258194,Tue Dec  5 08:48:49 2017,2009-04-29 18:42:37.361932,07-24-2004
538,5,537,0 .57093392139 64736,Sat Jan 17 15:42:49 2026,2015-01-23 06:28:01.252717,07-15-2007
539,5,538,. 014123069631981733,Fri Sep  6 04:56:29 2002,2027-10-25 06:45:57.027878,11-28-2030
540,46,539," ,22711061627243345",Sun Jun 24 04:25:44 2029,2026-06-07 11:16:11.527290,11-09-2020
541,47,540,"0 , 45 148968524365884",Mon May 25 14:34:15 2020,2002-10-15 12:51:35.306569,05-02-2003
542,26,541,0.  142717610686106,Sun Nov 21 14:13:34 2010,2017-07-19 23:37:10.431547,06-20-2028
543,54,542,0  . 39495310080753676,Tue Mar 31 13:44:11 2009,2027-08-26 16:47:41.274775,10-26-2005
544,52,543,"0 ,397942928763924",Thu Mar 10 02:33:55 2005,2018-11-24 12:42:14.283416,06-17-2011
545,28,544,0  .6219424925496472,Wed Jan 24 06:06:55 2024,2021-12-01 20:22:56.636918,10-20-2022
546,37,545,0 .45929625507061234,Fri Apr  6 00:12:02 2012,2015-05-20 06:19:18.502053,08-02-2029
547,8,546,"0 ,  9371866709713196",Sun Aug  1 05:55:29 2004,2022-07-22 08:41:45.970313,08-24-2003
548,54,547,0 .8179440174727808,Mon Feb 15 10:38:25 2016,2006-03-24 09:51:04.347599,03-31-2016
549,15,548,0. 9364704926225044,Tue Aug 24 13:51:23 2010,2004-10-07 10:24:34.566100,07-24-2019
550,40,549,"0  ,7599697998637879",Thu Dec 16 14:33:58 2004,2021-04-06 05:50:07.118500,06-29-2011
551,35,550,"0,91574 86337258388",Fri Oct 25 07:09:53 2030,2003-06-04 01:00:25.880336,11-21-2028
552,35,551,0.527015639330501,Sun Oct  2 04:25:57 2022,2028-10-30 08:04:48.763612,04-07-2005
553,18,552," 0 , 45239345590380053",Sun Oct 28 02:10:07 2007,2006-09-03 19:31:41.633754,08-12-2025
554,13,553,0.432607534909454 14,Sun Oct  5 20:01:25 2003,2021-06-15 05:57:54.292343,07-24-2004
555,43,554,0 .14058780772394674,Wed May 17 08:39:29 2028,2015-01-06 19:29:59.250448,12-03-2004
556,9,555,0. 21510896215564268,Fri Aug  3 08:28:24 2007,2016-02-16 20:26:55.215232,05-18-2025
557,41,556,0 . 5969836495 342565,Thu Nov 12 12:26:27 2015,2008-11-15 18:43:34.030094,01-11-2012
558,41,557,0. 12378046236513252,Mon Nov  1 06:35:48 2004,2019-08-07 10:42:00.481952,02-07-2004
559,32,558,"0,827717581422962",Sat Jul 23 16:00:45 2011,2007-12-21 14:35:42.971045,01-26-2007
560,24,559,0 .6437073204675758,Fri Nov 17 11:55:34 2023,2027-01-13 19:51:07.388514,08-11-2021
561,44,560,", 8165078631944029",Fri Jun 10 21:01:14 2016,2013-07-14 14:28:57.919677,02-18-2003
562,21,561,0.  04771584068414114,Mon Nov  6 10:57:16 2017,2022-08-31 04:24:13.995273,01-10-2021
563,6,562,"0,39708420868544314",Wed Sep 12 13:21:47 2012,2009-04-18 15:11:50.059835,10-01-2020
564,44,563,"0, 9369067693324578",Tue Mar 24 02:18:42 2020,2030-07-12 14:30:46.516916,12-24-2029
565,37,564,"0 , 1 217375942142288",Thu May 18 03:54:04 2028,2028-04-13 08:15:24.227351,01-30-2028
566,9,565,0 .  5726868361886257,Tue Nov 19 08:33:37 2024,2013-06-29 05:01:45.839548,07-28-2026
567,11,566,0.9902960736246645,Wed Nov  7 03:30:58 2018,2029-10-27 10:55:17.285846,03-04-2005
568,8,567,"0,2429978 0087423184",Fri May 19 04:36:07 2023,2007-08-15 04:09:51.392246,01-30-2023
569,43,568,0 .5070437877338796,Sat Jan  1 17:57:48 2022,2030-11-08 03:06:44.055057,10-22-2019
570,31,569,0 . 30433 89598439922,Fri Nov 30 07:50:14 2029,2014-04-05 13:45:12.809022,08-05-2026
571,23,570,0.12361923446910594,Tue Aug 15 19:34:59 2023,2024-03-25 19:29:09.301742,02-05-2003
572,37,571,"0 , 89304523323 41914",Thu May 11 11:50:51 2017,2018-08-05 22:18:49.681684,08-24-2007
573,48,572,0 .1762542038268955,Tue Jul 20 23:57:20 2021,2012-04-18 02:37:58.986021,02-11-2015
574,41,573,"0 , 17810960753683058",Sat Mar  4 05:26:31 2028,2024-07-13 11:21:20.042274,02-12-2013
575,13,574,"0,5533030017579247",Sun Feb 24 21:12:31 2019,2009-07-22 13:52:58.230421,02-24-2016
576,50,575,"0,6931153920337502",Thu Jan  1 04:43:30 2004,2016-12-08 22:08:25.209538,10-03-2013
577,40,576,0 .9411686505236356,Thu Sep 10 10:36:11 2026,2012-08-18 23:58:46.850247,10-11-2006
578,47,577,0 . 84479955168545,Mon Dec  2 02:18:55 2030,2004-04-14 05:53:30.856843,11-10-2014
579,23,578,"0, 9888648855703528",Tue Jan 10 21:11:24 2023,2019-07-16 17:43:47.734652,04-26-2027
580,21,579,"0, 99649130638994",Mon Nov  5 08:51:39 2007,2007-05-12 22:46:12.494661,12-22-2022
581,12,580,0. 2549878093586023,Wed Mar  7 09:11:31 2012,2017-04-24 07:44:25.828648,05-04-2015
582,14,581,0 .  8460990949564762,Thu Sep 12 04:09:37 2002,2010-09-16 02:44:16.120267,05-01-2007
583,31,582,"0 , 9947195304628532",Sat Apr 24 09:15:29 2021,2008-07-07 19:21:02.388953,12-17-2002
584,36,583,0.6193168012269966,Sun Mar  3 09:40:46 2019,2012-10-03 02:32:54.346342,10-19-2022
585,8,584," 0 ,5896955040835514",Sat Mar 10 09:54:14 2007,2020-04-28 20:32:05.901335,12-24-2027
586,50,585,0 . 7354370421900687,Sat Sep 17 23:00:41 2022,2014-02-06 08:53:20.693033,06-13-2029
587,3,586,0. 5523283986453912,Sun Nov 29 19:34:44 2026,2011-02-04 14:15:02.645466,01-19-2025
588,51,587,"0 ,943364021677389",Wed Oct 25 14:20:27 2028,2026-06-06 00:03:05.884071,05-12-2028
589,36,588,", 7543065324789919",Tue Mar 28 06:30:42 2028,2004-09-17 10:59:39.964422,11-16-2020
590,25,589,0. 3042779043598917 7,Sat Jun 22 03:29:40 2024,2009-06-02 19:47:48.403650,07-02-2008
591,46,590,0.6456595092984909,Tue Dec  8 20:13:18 2020,2018-07-06 00:25:32.445812,12-19-2008
592,18,591,0.7154702947380179,Mon Oct 27 03:48:20 2025,2027-10-28 19:34:06.720214,12-11-2030
593,11,592,0 . 03515503070049664,Sun Feb 29 00:48:31 2004,2028-09-01 23:04:58.343894,04-27-2014
594,10,593,0 . 8639343797339363,Sat Feb  5 05:15:02 2028,2026-12-24 12:33:47.968299,06-30-2028
595,48,594,0. 6173396555265366,Thu Nov 22 23:52:38 2029,2013-08-26 04:18:03.704839,09-05-2029
596,14,595,0. 20923191343198755,Thu Jul  9 01:39:41 2020,2022-08-03 11:20:41.825388,08-30-2020
597,39,596,"0,3014713253704968",Wed Jul  7 05:32:59 2027,2016-08-31 20:45:03.078632,03-26-2027
598,38,597,0 .6018716563172998,Tue Aug 10 20:28:32 2021,2029-08-27 17:49:36.698267,12-26-2022
599,29,598,0 .  8815093648610745,Fri Apr 22 07:30:27 2005,2004-10-10 14:14:54.351137,07-02-2014
600,15,599,"0 , 6518276094041875",Sat Jan 31 12:17:38 2015,2015-03-30 19:27:03.007037,08-22-2008
601,52,600,0 . 9989389889570974,Thu Oct 11 10:33:28 2007,2013-02-01 12:39:28.815643,04-04-2020
602,11,601,"0 , 18287468300776555 ",Tue Jan 12 18:08:01 2021,2010-06-08 15:05:50.556890,09-28-2017
603,35,602,0.955100290 4486312,Wed Nov 24 23:55:09 2027,2016-09-09 21:54:00.659116,06-13-2028
604,20,603,0  .9126383985934254,Tue Dec 24 19:37:54 2030,2007-11-16 07:11:22.875463,05-23-2017
605,49,604,"0 , 6285104815693601",Wed Feb 10 15:05:42 2021,2021-05-21 19:36:18.620717,09-12-2005
606,30,605,0.606902463148033 9,Wed Sep  5 03:21:52 2029,2007-08-23 23:23:34.379555,04-06-2015
607,29,606,"0 , 3545 6446842384093",Thu Apr 15 14:41:26 2021,2012-01-31 04:31:25.094776,08-12-2009
608,13,607,0.128 51990393691215,Sat Sep  4 19:58:14 2004,2007-11-02 10:11:36.018400,01-03-2024
609,40,608,0 . 5122005612911016,Thu Jun  7 04:34:15 2012,2009-12-23 00:19:10.868303,02-16-2030
610,37,609,"0 ,7717379623080577",Tue May 29 15:08:01 2029,2027-01-09 15:09:40.139918,01-26-2029
611,26,610,0.1727607899308521,Fri Jul  3 12:39:38 2015,2011-12-07 18:48:56.893668,03-14-2023
612,16,611,0 .24802419572877388,Sat Sep 12 21:38:17 2020,2014-01-09 08:33:13.168926,01-07-2007
613,14,612,0.22205439785428016,Wed Mar 12 17:52:07 2003,2026-04-15 11:43:06.167647,06-13-2028
614,20,613,0.714394584734864 6,Tue Dec 27 07:53:09 2005,2004-02-09 18:09:53.840533,11-02-2028
615,25,614,0 .  292862200054118,Wed Oct  1 10:20:40 2003,2019-05-26 06:22:00.778697,02-16-2017
616,17,615,0.45 34590428914934,Wed Sep 11 03:50:16 2024,2011-07-17 15:38:15.780200,04-19-2029
617,4,616,0  . 4140710599404005 ,Thu Apr 21 05:42:20 2011,2023-11-01 09:54:32.373912,12-28-2022
618,23,617,"0, 6317908649422899",Sun Dec 11 21:03:08 2022,2011-08-01 19:50:49.151639,06-14-2006
619,24,618,"0 ,  8294385447139065",Tue Apr 20 03:57:26 2027,2016-08-01 09:48:33.944685,09-10-2013
620,19,619,0 .  651160978037818,Tue Dec 15 23:02:28 2009,2014-09-06 05:46:39.086623,11-11-2007
621,48,620,0. 3532624784364965,Fri Feb  8 14:00:56 2030,2007-11-11 00:43:57.354470,06-06-2017
622,30,621,  .8167960727375182,Mon Nov 30 00:55:31 2009,2015-02-04 08:29:10.403959,02-20-2005
623,33,622,0  .943267018564658,Thu Mar  7 21:20:29 2030,2029-12-03 07:04:11.837866,08-30-2007
624,19,623,0.8069548612116446,Thu Aug 20 03:26:59 2020,2010-01-21 00:13:02.647850,07-11-2019
625,33,624,0 . 49447544298498547,Thu May 13 04:09:53 2010,2012-11-25 23:29:48.074926,01-20-2024
626,46,625,0.47005334081168815,Thu Feb 27 18:58:38 2014,2015-09-23 04:55:58.869217,09-20-2026
627,2,626,0 . 1795464807057251,Sat Jun 17 07:12:25 2006,2022-12-03 07:36:21.971116,08-22-2006
628,43,627,"0 , 007761140536983402",Thu Oct 27 08:11:38 2005,2014-11-20 01:55:04.753344,10-20-2004
629,28,628,0  . 9933042815956368,Mon Feb 24 01:08:30 2031,2012-09-07 15:05:09.953201,05-10-2015
630,37,629, . 6381172087602597,Thu Oct 23 03:40:38 2025,2009-02-05 17:31:33.107866,12-31-2025
631,48,630,0. 018597943887893598,Wed May 26 21:36:17 2021,2014-08-18 06:34:19.814637,05-04-2003
632,25,631,0 .  9782768608208482,Tue Aug  7 02:23:02 2018,2028-03-26 15:46:58.965302,01-09-2011
633,0,632, 0.  2536883207299224,Wed Sep 26 19:11:06 2018,2014-10-31 16:47:01.025417,11-22-2021
634,32,633,"0 ,7872033011623754",Sun Dec  7 00:32:39 2008,2015-11-03 17:35:21.624058,04-25-2019
635,43,634,0. 7198392183416712,Sat Oct 22 00:46:49 2022,2010-01-11 00:17:16.208945,07-05-2003
636,49,635,0.7614682523740053,Sun Mar  8 13:39:13 2020,2016-02-17 12:01:55.805524,09-30-2016
637,45,636,0 .6167048510927639,Fri Jun  1 01:28:30 2007,2030-06-30 06:36:40.425317,09-26-2023
638,10,637,"0 ,585238834110575",Wed Feb 24 12:28:35 2016,2007-10-23 20:01:04.726916,01-19-2020
639,42,638,0.  6440184424973739,Thu Jan 16 16:23:36 2003,2021-01-24 03:10:53.288175,07-12-2024
640,38,639,0 .16015189161589805,Sun May 22 08:14:35 2016,2016-08-12 02:29:22.974590,11-06-2028
641,37,640,0 . 301106914582 1367,Wed Dec  8 17:43:09 2010,2003-04-23 23:23:20.950190,09-17-2023
642,52,641,0 . 5331589039265303,Tue Aug 19 22:15:11 2025,2015-02-18 13:09:44.116784,02-11-2020
643,7,642,"0 , 7945850387980311",Tue Jan 28 20:06:59 2025,2027-08-19 05:35:45.441503,09-08-2014
644,54,643,0  . 4207 267319242687,Mon Jun 12 04:19:27 2006,2016-06-13 07:19:49.503249,08-07-2015
645,26,644,0 . 25939259999478903 ,Tue Apr 23 07:44:43 2024,2003-03-16 10:08:47.546691,03-21-2005
646,0,645,0.33049777032589933,Sun Jul 29 17:36:58 2012,2011-02-24 05:49:57.350079,07-18-2016
647,44,646,"0,19477916260055 483",Thu Dec 16 17:19:12 2004,2027-11-09 21:58:16.693259,11-12-2013
648,14,647,0.9591031466889246,Sun Mar  2 04:33:21 2014,2023-12-13 16:36:41.986285,09-19-2016
649,3,648,"0, 37571567939452966",Sat Oct 14 02:27:51 2028,2004-06-05 19:03:50.851962,04-01-2030
650,12,649,0. 9164102730063197,Mon Dec 22 02:29:41 2014,2027-11-17 18:55:00.232611,02-11-2022
651,26,650,"0, 24094275048148273",Sat Jun 21 14:30:54 2025,2017-05-05 12:16:48.869905,01-13-2013
652,48,651,0 .3085348938063719,Thu Sep 11 18:11:24 2003,2024-03-14 03:52:50.349547,11-22-2017
653,30,652,"0, 19520450772227638",Mon Jun 30 06:41:47 2014,2008-03-25 06:27:31.620214,02-23-2023
654,26,653,0.  19711777571971312,Sun Jun 30 07:12:31 2030,2018-04-02 16:56:46.984431,07-08-2006
655,50,654,0. 8333010834474218,Sat May  4 16:21:43 2030,2022-02-14 09:25:53.718595,05-12-2017
656,48,655," 0,  591993811754843",Tue Apr 17 08:44:52 2007,2003-01-03 17:04:02.208998,07-26-2013
657,4,656, 0 . 7565824871475514,Fri Jul 27 16:52:17 2007,2024-11-28 23:52:04.335662,07-26-2020
658,39,657,"0 ,734673865653 6079",Sun Feb 23 02:05:42 2031,2016-09-11 13:13:55.424383,10-20-2029
659,20,658,0 .9134408157409996,Fri Feb 14 17:57:53 2020,2014-05-08 19:04:38.678292,04-02-2015
660,16,659,0 . 1142077916877049,Thu Jul 10 00:51:52 2014,2003-01-02 08:23:17.759207,10-11-2004
661,47,660,0 .  3355262793439667,Tue Sep 25 07:14:17 2012,2015-06-27 17:45:44.567311,05-12-2015
662,35,661,0  .  849584108261767,Fri Feb  8 21:18:19 2008,2011-08-13 18:04:36.324358,10-06-2025
663,49,662,0 .22364203354756118,Wed Feb  7 02:47:52 2007,2013-01-25 21:29:23.581665,03-01-2022
664,37,663,0 .523458 7694289882,Tue Oct 21 07:12:27 2008,2027-05-08 18:54:34.946270,02-18-2019
665,25,664,0 . 7592239943307153,Wed Jun  2 06:14:24 2027,2008-08-31 14:49:51.258413,03-22-2010
666,49,665,"0 ,98285725458656",Mon Jul  3 12:21:07 2023,2023-01-22 08:25:35.148561,06-01-2027
667,11,666,0.47865875718283546,Sun Jul 30 03:25:05 2023,2028-12-09 23:53:06.568735,11-07-2029
668,50,667,0. 25 53685620828954,Sun Sep  8 09:55:17 2030,2025-05-16 20:20:23.579355,11-20-2029
669,41,668,0  .2933742487086938,Wed Aug  1 09:45:05 2007,2027-11-23 16:57:16.000386,08-12-2010
670,29,669,0  . 35069990107158666,Wed Dec  1 23:41:25 2021,2003-04-02 17:05:37.764458,01-01-2026
671,26,670,0. 164369397524 27493,Sun Dec 25 15:23:49 2016,2004-01-07 14:14:40.854335,05-10-2007
672,14,671,0 .10419395746165827,Tue Jun 28 09:44:06 2011,2028-11-12 23:51:45.888533,04-19-2018
673,41,672,"0, 7898909089239967",Mon Dec  4 22:33:52 2017,2008-08-03 23:32:14.154421,02-23-2021
674,33,673,"0 ,44551947006250825",Wed Oct 26 22:05:11 2011,2024-11-28 05:38:36.361253,11-06-2008
675,38,674,0.115124431 7205471,Wed Nov 11 13:22:16 2009,2015-12-20 03:37:49.016215,04-10-2010
676,13,675,0 .9097416414139677,Mon Aug 12 17:48:24 2024,2011-04-19 13:43:09.195644,01-02-2006
677,29,676,"0 ,8207235330853292",Thu Feb 19 12:16:54 2015,2003-04-20 04:27:21.455544,12-21-2016
678,35,677,0.543410862866051 7,Thu Apr  3 14:36:55 2008,2004-08-24 10:46:42.380618,05-27-2027
679,33,678,0. 7506849283 54508,Fri Sep 10 23:05:55 2010,2005-08-06 09:09:37.759762,04-26-2016
680,40,679,"0 , 7762793947524704",Fri Nov 25 05:45:25 2011,2012-07-16 23:05:02.594751,07-11-2010
681,31,680,0.2264678148665344 4,Mon Nov 17 16:03:49 2025,2024-02-24 05:24:09.813789,11-05-2025
682,47,681,"0, 4357151172446806",Sun Oct  5 05:48:56 2014,2020-12-04 10:50:53.218568,01-16-2027
683,10,682, 0 . 09238825938051076,Wed Nov 13 13:33:25 2002,2014-02-09 10:22:31.063463,11-23-2010
684,51,683, . 8913991767371225,Thu Jul  5 17:01:05 2007,2022-07-03 17:16:03.252923,02-13-2017
685,4,684,0.  7190556113776333,Fri Nov 22 09:05:36 2013,2010-05-14 10:36:51.197403,07-08-2015
686,23,685,"0 ,5511418812483647",Fri Sep 22 23:44:33 2017,2003-10-10 05:44:32.088970,10-16-2018
687,24,686,0. 29957108162233703,Thu Sep 19 00:52:23 2019,2028-02-02 02:26:09.146006,04-27-2014
688,47,687,"0 ,  2389119129999595",Thu Oct 25 21:06:22 2012,2029-06-05 03:48:00.383415,08-19-2029
689,17,688,"0 , 4761389316557736",Wed Sep 18 16:25:02 2019,2018-01-01 22:06:29.636186,05-09-2004
690,30,689,0 . 05126843 138206094,Fri May 14 11:56:29 2021,2005-11-14 15:42:35.575082,11-18-2023
691,28,690,0 .7681098207430899,Mon Sep 21 14:16:57 2015,2024-02-20 21:12:52.533482,05-09-2013
692,30,691,0 .6610733412307971,Sat Nov  6 20:29:08 2021,2016-07-06 09:56:49.027183,07-30-2009
693,13,692,"0,  36490085057313615",Fri Jan  2 00:57:20 2004,2029-12-12 06:23:22.974791,02-23-2019
694,32,693,0  .3309176933772682,Sun Jul  6 11:26:41 2008,2003-07-19 16:35:11.299811,08-20-2020
695,0,694,0 . 20151329426818287,Mon Jul 10 21:22:37 2028,2029-07-17 06:44:03.295150,12-14-2022
696,21,695,"0 ,8954970890403783",Fri Oct 29 15:11:00 2027,2029-10-08 19:38:53.708860,01-03-2029
697,45,696,0 . 20732269265683634,Sat Jul 27 00:49:36 2019,2027-04-21 18:01:16.061963,10-29-2025
698,19,697,0. 88907561147 54952,Sat Mar 28 02:47:42 2020,2030-10-14 18:17:37.199634,05-16-2027
699,17,698,"0,  6033391783684788",Sun Jan  5 02:18:17 2020,2002-08-28 20:50:33.584638,05-28-2018
700,2,699,0.  019475842685889644,Fri Apr  2 15:43:38 2004,2022-01-25 03:14:42.037596,10-19-2013
701,13,700,0 . 652027091267262,Mon Jun 23 06:10:59 2014,2009-05-19 21:47:01.904369,10-07-2015
702,13,701,"0,1955357285327457",Sat Jun 19 04:17:17 2004,2019-05-23 08:39:48.020624,10-17-2026
703,1,702,0 .3369 0953132152246,Thu Aug 22 16:57:02 2013,2014-05-13 16:50:10.844172,03-10-2024
704,5,703,0 .  9980348934485364,Fri Dec  7 14:37:43 2012,2024-11-27 22:01:44.164022,10-08-2025
705,4,704,"0, 5189215996262992",Wed Aug  9 11:06:10 2028,2027-11-12 06:49:30.900876,03-01-2007
706,40,705,0.5486843214770291,Fri May 17 00:04:11 2019,2019-12-01 17:26:52.251200,11-26-2013
707,3,706,0. 25082117889405264,Sun Sep 20 06:10:07 2015,2021-02-10 09:10:18.670454,02-27-2029
708,19,707,0  . 7850448774481145,Thu Sep 29 05:47:17 2011,2007-05-13 18:49:40.540314,08-13-2003
709,37,708,0 .7652857369994602,Sun Aug  4 21:04:36 2024,2018-01-26 12:44:18.972309,05-15-2013
710,1,709,"0,8028379689653148",Wed Feb 25 03:54:08 2015,2002-11-28 06:17:44.835186,09-22-2012
711,26,710,0. 9470205577937402,Wed Apr 12 05:58:17 2028,2017-09-21 10:44:15.493745,11-21-2015
712,3,711,0 . 3346510604552495,Mon Jul  9 13:49:02 2029,2017-03-11 03:24:52.639099,04-22-2004
713,30,712,0  .5655661360122708,Thu Nov 16 10:47:34 2017,2022-01-29 09:23:09.617106,02-09-2027
714,17,713,0 . 3582075775046989,Sun Mar 18 01:42:44 2029,2006-01-26 19:47:08.480069,05-19-2020
715,38,714,0. 6310309703462892,Sat May 31 11:40:21 2025,2028-08-08 01:24:18.148409,10-20-2010
716,39,715,0 . 20198794406197584,Wed Apr  2 15:36:04 2025,2010-12-25 15:18:24.227828,06-19-2006
717,39,716,0. 9645232871562045,Wed Jan 21 19:47:20 2026,2028-02-14 10:26:59.356748,11-29-2012
718,37,717,0 . 6942598254037825,Sat Aug 12 06:52:15 2023,2002-10-22 23:13:35.506761,04-06-2004
719,0,718,0 .15273213866772706,Sat Feb 20 20:21:25 2027,2025-11-22 06:31:09.032194,07-29-2026
720,31,719,"0 , 784399200373105",Sat Aug  4 18:57:19 2012,2014-05-20 17:31:59.559118,01-07-2017
721,17,720,0. 5576115431930355,Wed Feb  1 18:28:27 2017,2010-03-20 09:13:53.195554,07-28-2009
722,48,721,"0 ,  5062426648774457",Tue Jan 28 03:05:13 2014,2010-08-04 13:31:36.469661,07-23-2006
723,19,722,0 .18669821032 03937,Mon Jul 19 22:21:33 2021,2025-11-24 08:29:47.866995,10-18-2010
724,41,723,0 .38422491234921674,Mon Dec 25 07:24:15 2006,2011-09-19 00:58:03.737963,02-02-2014
725,47,724,0. 7356974654000895,Sat Dec  6 06:22:03 2025,2029-06-08 22:49:56.632056,06-06-2012
726,51,725,"0,46217046728985156 ",Sat Mar 20 05:59:37 2010,2005-04-18 20:51:43.317520,06-01-2012
727,29,726,"0 ,6152884590452 917",Thu Feb  4 15:53:57 2027,2027-07-07 06:24:42.815024,06-10-2010
728,50,727,0. 22656538054163466,Sun Aug 13 19:28:14 2006,2030-02-12 05:11:12.572017,09-11-2010
729,30,728,0.6247554356253147,Sun Dec  4 15:32:15 2005,2028-08-20 10:22:10.027596,06-17-2024
730,1,729,0 . 8182259538047866,Sun Apr 28 05:42:53 2030,2007-03-04 19:42:31.233920,02-22-2007
731,23,730,0.11469037004216787,Sun Jun 15 22:30:26 2025,2003-05-18 11:11:28.221203,02-16-2019
732,44,731,0.35444636500024784,Sat Sep 14 05:03:48 2002,2003-10-10 22:53:11.638449,03-01-2004
733,29,732,0. 08501020935666714,Wed Jun 24 08:03:55 2015,2019-12-15 13:06:50.359396,03-01-2016
734,5,733,"0, 43535504051 97688",Fri Sep  3 22:13:33 2021,2014-08-31 16:15:20.262526,03-20-2004
735,13,734,"0  , 3269040688161139",Wed Jul  9 22:04:32 2003,2011-10-24 15:42:19.130207,09-08-2004
736,34,735,0 . 155683 5292605625,Fri Feb 24 21:12:41 2017,2020-01-28 13:11:07.612755,06-22-2029
737,45,736,0 . 986572659237635 7,Wed Aug  3 00:52:22 2022,2030-11-01 20:47:40.995926,08-13-2010
738,33,737,"0 , 75931821703 84085",Sat Dec 18 10:49:59 2010,2030-02-26 06:55:01.078774,03-05-2004
739,31,738,0.5743597271683331,Fri Jan  6 16:30:30 2006,2016-04-24 14:27:03.111857,10-16-2012
740,8,739,"0 , 28596298437262935",Wed Feb 22 14:00:40 2006,2026-07-17 22:03:51.293103,03-13-2007
741,32,740,0. 17010045010334063,Tue Oct  9 04:34:14 2018,2009-02-24 02:49:14.280003,06-30-2022
742,47,741,0  .6158622005868069,Mon Jan 10 01:18:08 2011,2023-03-29 05:57:10.131854,09-17-2014
743,4,742,"0,  7355399873266039",Wed Jul  6 23:38:30 2016,2016-08-06 11:45:37.021974,11-09-2024
744,24,743, 0 . 9593952084331754,Thu Oct  6 02:16:02 2016,2020-07-05 17:04:04.551097,05-25-2009
745,17,744,"0,  23191036250314423",Thu Dec 12 19:08:31 2019,2004-08-07 11:47:25.421704,07-30-2023
746,36,745,0 .  9060334379328668,Mon Jan 13 03:52:06 2025,2026-11-03 08:42:15.571568,11-11-2023
747,0,746,0 .4827350630577688,Thu Mar  6 02:05:58 2014,2010-11-08 07:39:48.333253,09-18-2023
748,48,747,0.76589823115 04833,Thu Feb 21 16:21:24 2013,2012-09-03 09:49:10.337973,06-05-2012
749,52,748,0 . 2702569500377109,Wed Jan 22 03:24:16 2014,2011-02-11 23:24:48.330896,01-04-2027
750,24,749,"0 ,6920538977441216",Mon Oct  9 02:19:35 2028,2003-06-27 19:21:59.254671,11-17-2028
751,49,750,0 .8900271095624042,Mon Jul 21 15:17:43 2003,2009-10-20 17:11:13.770745,12-29-2023
752,4,751,0 .6831419819549042,Wed Jun 26 16:06:01 2013,2029-05-16 23:18:52.747758,08-14-2026
753,46,752,0.6050264375482448,Tue Dec 21 09:31:12 2010,2030-09-01 16:27:51.880860,06-06-2030
754,36,753,0 . 45403990651075954,Sun Aug 18 15:49:31 2019,2017-01-16 11:26:50.524178,12-31-2020
755,51,754,0 .11177283394527449,Sat May 11 23:24:45 2030,2006-06-21 20:00:44.387098,09-11-2023
756,23,755,0 . 006858156627855161,Wed Jun 20 23:13:29 2012,2021-03-31 22:57:33.261296,10-27-2023
757,5,756,"0 , 4041691252150349",Fri Jul 24 20:25:01 2026,2027-05-17 03:06:18.828996,02-18-2004
758,32,757,0. 681135 1376149204,Fri Sep  3 20:04:49 2027,2005-08-27 23:30:54.125929,10-27-2008
759,35,758,0 .7976610240624105,Tue Feb  6 07:16:10 2029,2012-04-28 19:30:09.034477,02-28-2004
760,0,759,0. 8898770313828572,Fri Mar 31 14:39:58 2017,2016-01-18 13:19:57.155481,07-18-2020
761,28,760,0  .42509928831595034,Sat May 25 01:34:52 2013,2015-01-08 07:30:55.202038,10-25-2021
762,8,761,0. 9711011221588878,Thu Jan 27 23:03:40 2005,2030-04-22 10:20:51.398009,07-03-2015
763,31,762,0. 043430641594292996,Mon Dec 13 23:15:22 2021,2004-09-11 13:01:50.351876,05-19-2021
764,15,763,0.4722190527350373,Sun Jan 10 08:23:53 2027,2015-12-07 01:47:24.926159,07-05-2011
765,0,764,0 .2923299699241272,Thu Feb 24 07:27:46 2022,2026-09-19 08:04:35.177674,11-02-2023
766,53,765,"0 ,894 5840690559139",Thu Jan 29 02:11:00 2026,2005-11-01 10:46:27.961475,03-04-2014
767,25,766,"0  ,06838199504392284",Sat Jul 23 23:03:34 2011,2004-12-18 09:44:01.957556,05-20-2028
768,49,767,0  . 8757 966796259986,"Thu Jan 26 18:50:42 2023отметьте в решении, если вы прочитали это",2011-01-06 07:38:32.953954,06-16-2030
769,5,768,0.6179449272767933,Tue Feb 12 22:47:26 2013,2022-10-18 00:03:42.507475,06-28-2017
770,17,769,0. 93428256828 56551,Tue Apr  6 01:22:24 2010,2016-08-08 00:51:16.999700,08-17-2021
771,45,770,0 .4927697037530122,Tue Sep  1 13:07:29 2026,2005-03-29 18:13:42.078922,04-25-2027
772,8,771,"0 ,05622225808617731",Wed Nov 20 07:30:06 2030,2025-05-21 15:52:42.338225,01-02-2027
773,3,772, 0. 7237594344540179,Thu Sep  5 12:52:13 2024,2014-02-24 14:34:29.391367,08-02-2006
774,25,773,0.8886679962227759,Wed Mar  9 23:11:50 2011,2011-03-06 02:47:23.366501,02-18-2017
775,25,774,0   . 5511773791958311,Tue Jul  9 21:49:38 2019,2018-04-16 21:28:19.623633,06-10-2027
776,44,775,0. 14452669601382218,Wed Apr 17 20:07:22 2013,2011-04-24 18:55:39.278100,09-26-2019
777,6,776,0.7143853576329502,Fri Nov 17 18:46:25 2006,2010-09-23 10:16:20.947521,01-28-2008
778,6,777,"0,741155565 2557466",Mon Jul 23 10:54:13 2007,2018-02-18 03:31:06.421385,01-16-2011
779,48,778,"0,3023325900728663",Thu Feb 28 12:38:11 2019,2026-06-06 09:18:26.752959,07-13-2008
780,16,779,"0,16033988599934745",Wed Aug  4 07:19:14 2010,2008-03-06 21:03:17.578702,05-02-2023
781,6,780,0. 5923015062374734,Sun Nov  6 04:11:26 2022,2003-08-25 01:19:31.088529,09-28-2005
782,34,781, 0.787169722434072,Mon Nov 22 08:36:40 2004,2003-06-16 05:03:28.520939,11-28-2028
783,48,782,0 . 6826507917972794,Tue Jan 15 02:03:21 2019,2024-11-21 13:02:04.581582,06-24-2018
784,22,783,"0, 6021269815802169",Mon Jun 26 10:31:27 2006,2017-04-30 17:34:33.220956,05-21-2026
785,5,784,"  ,0695621606519573",Thu Feb  9 23:05:03 2023,2016-09-01 08:59:16.258370,07-17-2029
786,37,785,0. 8574780480235846,Sat Sep  3 15:38:36 2011,2014-11-04 01:41:20.716067,04-15-2006
787,50,786,"0 ,9709104507143447",Mon Nov  3 15:30:31 2003,2019-08-19 17:40:20.556193,01-01-2020
788,43,787,0 . 2490603372858602,Sat Feb  5 12:58:22 2022,2023-02-18 00:13:56.878142,12-18-2018
789,31,788,0. 05450310962169902 ,Fri Sep 20 13:03:30 2024,2023-10-23 04:06:17.038436,06-22-2014
790,2,789,0.4370577488871399,Wed Jul 19 04:42:06 2028,2019-06-08 19:12:35.071933,07-12-2019
791,27,790, 0.9424745229220168,Sun Apr 12 16:23:59 2009,2003-04-05 05:01:22.810238,03-16-2003
792,16,791,"0  ,7200136439423033",Fri May 10 01:59:20 2024,2005-09-07 06:19:05.054253,05-09-2009
793,32,792,0 .6100636734618546,Mon Feb 23 07:58:36 2015,2028-06-03 11:32:12.585986,03-15-2012
794,38,793,"0 ,6320653509512613",Fri Oct  5 01:15:47 2018,2008-11-14 23:41:56.928564,05-27-2018
795,48,794," 0,16507867604595095",Thu Jul 19 21:37:04 2007,2016-09-03 04:49:15.679960,05-03-2015
796,53,795,0 . 3992347400612368,Wed Nov  8 17:50:05 2028,2013-09-11 14:03:40.589086,09-24-2008
797,4,796,"0,08190792266996394",Thu Oct 21 18:47:51 2010,2023-01-11 06:13:33.119485,12-11-2028
798,43,797,"0 , 9892670037825346",Fri Apr 16 05:53:13 2021,2008-05-31 14:53:58.087562,10-04-2018
799,33,798,0 . 6767682136075391,Mon Aug 14 02:25:04 2006,2028-07-26 02:55:45.733290,06-20-2003
800,26,799,0 . 37730158335116226,Mon Apr 28 07:35:10 2025,2006-11-18 05:05:16.753356,12-09-2010
801,37,800,"0 ,4429450746164536",Thu Apr 16 08:29:39 2015,2026-02-13 10:28:54.692159,07-20-2030
802,12,801,0 .24405585402553132,Thu Jun 16 15:03:58 2011,2006-09-22 18:19:50.536797,11-27-2008
803,13,802,"0, 626165750682222",Tue Nov 18 07:02:30 2014,2026-02-20 12:08:48.482631,07-16-2030
804,36,803,  . 14590 335841711155,Mon Oct 20 10:10:51 2003,2006-05-17 06:55:15.786424,03-18-2020
805,21,804,0. 5447168173837463 ,Wed May 31 02:07:07 2017,2006-04-11 16:36:54.128264,05-13-2007
806,48,805,0  .4082719608120926,Sun Apr 27 19:51:46 2014,2026-01-10 05:26:08.638290,11-13-2029
807,31,806,0 .255655269711892,Thu Jul 27 18:29:42 2023,2028-01-05 04:05:44.014911,02-24-2029
808,32,807,0 .20166 929539581768,Sun Feb 29 11:54:07 2004,2019-08-27 13:15:53.811830,01-12-2029
809,25,808,0. 38348342015517367,Tue Feb 19 00:22:18 2019,2017-01-09 01:35:22.281362,01-19-2014
810,43,809,"0 ,  7 822860969760814",Thu Jan 19 19:21:34 2012,2007-12-14 21:23:03.283420,02-15-2015
811,24,810,0. 10127152308371112,Mon Nov 12 01:46:44 2018,2003-12-04 01:41:06.420132,10-26-2008
812,54,811,0 . 6497880865983393,Fri Jun  9 18:01:27 2023,2023-07-25 20:51:03.589993,11-29-2013
813,0,812,0.0032343 187968393305,Tue Sep 15 06:46:12 2026,2015-01-21 14:03:34.249324,11-05-2030
814,25,813,0.  6981951798092814,Thu Dec 12 14:26:07 2013,2005-03-11 02:37:00.621924,10-11-2010
815,15,814,"0 ,4350252249394243",Tue Jul  5 00:33:52 2022,2027-03-06 16:46:58.604275,09-22-2005
816,33,815,0.33742640 201449225,Wed Dec 24 05:01:57 2025,2021-03-01 19:56:58.511803,07-03-2008
817,23,816,.62161520824567 22,Sun Apr 24 20:04:54 2005,2029-08-19 17:48:41.382842,12-21-2010
818,53,817,0 . 6044384432 43356,Wed Mar 26 06:18:52 2008,2030-05-19 11:43:14.112275,03-19-2021
819,8,818,0  .5911180301293232,Sun Apr 30 19:41:32 2006,2023-11-21 04:15:47.400327,08-21-2010
820,25,819, . 45948779513680116,Fri Nov 14 06:55:53 2025,2014-09-01 13:54:07.969337,04-22-2026
821,32,820,"0 ,22053810030709176",Fri Sep  4 01:40:06 2020,2025-11-06 10:30:57.055441,05-10-2004
822,19,821,0  . 7253910941241182,Fri Dec  6 13:08:08 2013,2009-12-29 23:46:59.157461,02-25-2025
823,9,822,"0,  7741090828284625",Thu Apr  1 06:32:18 2021,2011-05-29 03:37:00.647814,12-03-2017
824,6,823,0. 8265728861944334,Fri Jan  9 02:52:58 2015,2029-03-18 20:03:38.676169,08-08-2012
825,36,824,0 .3668476908382807,Thu Sep  3 06:50:28 2020,2018-10-03 13:26:27.872880,09-09-2025
826,2,825,0  . 8630997514494979,Sat Nov 27 17:40:33 2004,2002-09-13 23:41:31.195258,05-01-2019
827,40,826,"0,25652446376361604",Fri Sep 10 22:36:28 2027,2029-07-03 00:32:21.063344,07-09-2017
828,7,827,0 . 2185013190483608,Tue Sep  6 18:49:21 2011,2027-12-19 15:19:24.375918,10-28-2006
829,25,828,0.33819270775388877,Sat Mar 31 20:57:59 2007,2013-09-25 15:27:43.703736,12-20-2005
830,2,829,0.237358086231635,Fri Aug 25 04:28:15 2006,2026-10-17 17:28:57.878029,11-24-2004
831,44,830,"0 , 7625759771411572",Mon Aug 24 18:20:39 2020,2020-08-22 12:09:43.116808,09-12-2015
832,8,831," , 8240137479093803",Mon Feb 16 17:44:01 2009,2022-04-16 05:01:10.457210,06-01-2027
833,5,832,0.  8121572252594198,Mon Oct 24 07:24:58 2022,2028-08-28 16:51:51.511731,04-20-2017
834,17,833,0.3061093027880787,Tue Feb 12 16:40:35 2019,2016-08-06 05:23:41.728929,06-25-2018
835,1,834,0 .6404816805536659,Sat Nov 19 19:28:39 2005,2024-03-07 19:50:16.075608,12-21-2029
836,19,835,0  . 38841426868571993,Sun Nov 11 04:47:16 2018,2027-03-09 05:46:29.387754,10-10-2005
837,53,836,"0,6178701 264937544",Sun Apr 10 12:45:03 2005,2022-06-30 12:01:22.038975,05-10-2011
838,15,837,.017608448818296596,Mon Apr 22 13:50:23 2013,2028-09-23 23:05:49.070303,07-03-2005
839,50,838,",  4540269764923688",Fri Jun 24 17:22:49 2005,2030-02-22 00:44:50.939749,07-09-2008
840,2,839,0   . 3477961241808162,Tue Jun 23 20:20:07 2009,2007-05-29 22:33:27.340521,07-11-2024
841,7,840,0 .6985074169793805,Sun Jul  6 16:37:13 2014,2005-10-27 17:38:05.704136,04-03-2027
842,25,841,0  . 658447141255303,Wed Aug 26 21:03:28 2020,2023-01-01 21:40:20.713735,10-18-2019
843,48,842,0 .15419480730826618,Tue Oct 28 11:05:37 2008,2029-02-08 21:22:13.814392,12-31-2029
844,39,843,"0 , 18 652948435708305",Wed Oct  2 00:10:41 2030,2027-03-29 08:16:48.772862,10-26-2013
845,2,844,"0 , 6937471155630413",Mon Jul 23 09:10:55 2012,2003-01-20 03:04:55.084506,05-10-2022
846,13,845,0 .9862961926209569,Sat Apr 23 15:26:53 2005,2002-09-05 07:15:45.387609,04-24-2004
847,45,846,0.48408569702469806,Fri Feb  8 13:43:28 2030,2024-05-11 09:32:36.021769,10-29-2029
848,25,847,"0 ,8564986929154 128",Fri Oct 30 23:27:08 2015,2029-10-08 00:02:00.218165,07-22-2030
849,37,848,",541079364920232",Thu Mar 29 04:23:00 2029,2024-09-16 07:39:34.269103,09-25-2025
850,54,849,.8631615978658332,Sat Feb 11 18:00:07 2006,2029-11-01 15:48:42.343536,09-02-2020
851,45,850,0 . 8800752082845823,Mon May  3 03:37:56 2027,2003-12-30 02:53:10.972887,06-22-2005
852,24,851,0.  29727992647459445,Tue Dec 23 13:36:00 2014,2025-06-28 23:29:21.320069,06-21-2004
853,1,852,0.5933 550958755817,Tue Nov  3 11:08:21 2026,2020-11-18 19:52:54.424748,09-09-2020
854,15,853,0 .519228717510108,Tue Mar 31 21:10:09 2009,2002-12-13 15:07:03.666095,08-19-2014
855,8,854,0 .8608925363345676,Tue Dec  2 06:54:52 2008,2025-11-08 21:22:01.464281,07-06-2022
856,6,855," 0, 8449596701614479",Wed Aug 15 12:01:23 2007,2012-12-26 08:19:22.586554,03-31-2008
857,32,856,"0,  04676495601793884",Tue Apr 16 00:34:40 2013,2010-11-12 14:29:16.487156,02-08-2005
858,52,857,0. 5720869159250357,Wed Nov 19 19:56:41 2014,2020-03-09 15:07:48.054328,12-23-2012
859,11,858,0. 695489884823758,Sun Mar 16 17:53:15 2003,2020-11-08 17:15:20.217396,02-28-2023
860,44,859,0 . 7886130742326756,Sat Apr  3 13:03:48 2004,2021-12-12 21:52:38.928316,06-09-2020
861,37,860,"0 ,34267649367320563",Wed May 25 07:19:01 2011,2020-11-14 04:06:14.667830,07-28-2006
862,0,861,"0, 3297 367515033055",Fri Dec  7 21:12:01 2029,2014-04-25 05:58:48.528949,12-17-2012
863,53,862,0.29687206990653103,Mon Sep 28 09:55:58 2020,2019-01-30 18:11:09.166284,10-23-2006
864,31,863,0 .6195504396804139,Mon Aug  1 22:22:43 2016,2027-04-02 22:30:19.434767,10-21-2025
865,34,864,0 . 5327674209754821,Mon Apr  8 21:58:29 2024,2004-09-23 22:06:40.938260,06-14-2027
866,13,865,0. 030161141 69413342,Sat May 20 12:29:58 2006,2003-06-28 17:30:10.346668,04-21-2027
867,32,866,"0,7534487141935676",Thu Dec 25 11:50:06 2025,2009-09-07 19:40:26.699090,02-27-2014
868,53,867,0.7329130898946505,Sat Jul 26 02:32:05 2003,2025-12-18 01:42:35.087827,08-09-2007
869,9,868,"0 ,8276949009813489",Mon Apr  4 10:37:02 2022,2023-05-28 00:24:22.511252,07-19-2021
870,47,869,0.7 672325651154742,Tue Apr 28 01:50:15 2020,2006-12-24 09:30:45.158350,10-05-2016
871,35,870,0.5577665043 793025,Fri Dec 27 04:22:27 2030,2010-05-20 14:53:44.196342,12-25-2007
872,7,871,"0, 2727667322515174",Tue Jan  4 22:53:01 2011,2022-06-13 11:10:33.712215,11-01-2021
873,34,872,0 . 7938222776855545,Mon Oct 31 21:39:16 2016,2022-07-27 23:50:42.561591,09-03-2005
874,31,873,0. 17613165342495762,Mon Jun 18 00:01:47 2007,2014-03-09 12:51:43.024323,04-12-2021
875,48,874,0.17797965575717056,Sat Jan 15 13:33:47 2022,2011-07-30 16:41:49.832421,12-25-2015
876,29,875,"0, 0906713289020693",Sun Nov 25 21:37:33 2007,2003-03-13 06:50:13.556524,07-04-2008
877,24,876,0.06143480 947192048,Tue Sep 23 21:15:56 2003,2024-11-05 17:34:14.616072,08-13-2007
878,43,877,0   .47388155366194584,Fri Aug 27 19:36:26 2010,2021-06-04 07:43:50.235323,08-16-2003
879,45,878,"0, 4631351941598776",Tue Nov  7 14:45:05 2028,2022-06-27 04:01:33.967451,03-31-2018
880,50,879,0. 34281068292557304,Wed Jul 11 04:32:13 2018,2013-12-17 17:07:21.101988,07-17-2023
881,45,880,0 .  18216301358936438,Mon Oct  4 06:42:16 2004,2024-08-23 10:34:50.404070,06-12-2023
882,33,881,0. 13636 981986477126,Wed Jan  6 07:33:54 2010,2006-09-05 21:25:12.599135,09-07-2014
883,54,882,"0 , 7122282438312878",Sun Dec  1 14:56:55 2002,2031-01-26 08:52:31.864106,11-29-2012
884,53,883,"0,  004757507262918459",Tue Apr 30 09:53:30 2030,2026-06-24 14:24:36.064268,03-22-2004
885,45,884,0.5146048207778593,Mon Sep 28 02:48:27 2015,2003-09-27 18:22:09.930401,10-27-2013
886,10,885,0.  35599395845756365,Sun Sep  3 05:42:17 2017,2012-03-08 08:03:42.698241,03-17-2011
887,14,886,0 .80672383423250 82,Wed Aug  3 22:19:55 2022,2030-12-01 00:43:37.124816,06-29-2006
888,46,887,0 . 8716 812106490562,Wed Jun  7 18:23:57 2006,2027-08-24 08:40:32.343568,05-09-2026
889,16,888,0. 4567351393290636,Thu Mar 16 07:54:15 2006,2031-01-20 19:14:03.941414,09-26-2008
890,17,889,0 .991725128807209,Thu Oct 13 23:38:16 2005,2006-09-28 13:49:01.653300,01-27-2029
891,9,890,0.26211 25095541271,Mon Nov  9 01:18:38 2009,2004-10-29 02:12:02.224741,04-19-2005
892,7,891,"0 ,  19 639836306945124",Tue Apr  6 07:23:50 2004,2014-04-23 07:02:13.387531,10-23-2029
893,45,892,0  . 23545582375563834,Fri Apr  4 16:21:06 2003,2002-11-19 10:35:54.580502,02-17-2022
894,10,893,0 .  8968619113445752,Fri Mar 13 13:01:56 2020,2022-03-09 23:17:19.215328,12-01-2017
895,1,894,"0  ,784744554052508",Wed Nov 30 05:26:51 2022,2029-01-16 21:25:21.572467,07-30-2030
896,18,895,0.8421369227971509,Mon Jan  9 22:50:09 2012,2013-09-15 06:14:31.546323,12-30-2017
897,10,896,0.51941338144703 62,Fri Apr 27 23:48:15 2029,2008-05-20 23:52:17.035651,02-16-2024
898,18,897,"0, 10655039249875 109",Sat May 27 04:45:42 2023,2008-07-18 07:45:34.673913,07-19-2010
899,13,898,0  .7976644760085292,Wed Apr 24 11:38:11 2013,2008-10-05 16:19:08.171348,02-25-2004
900,8,899,0 . 19570062 40348269,Wed Mar 22 00:42:21 2028,2015-10-06 12:29:58.080464,11-26-2002
901,2,900,0.8847845415468479,Thu Jan 22 16:08:20 2026,2012-01-16 00:05:16.048319,10-06-2023
902,25,901,0. 94877 64359649238,Fri Jan  3 11:19:45 2025,2030-04-20 09:51:17.636953,12-19-2026
903,48,902,. 5588260562978893,Fri Mar 27 03:19:38 2020,2029-06-17 07:29:02.767185,08-25-2016
904,42,903,0 .6210555294374266,Sat Dec 29 22:11:10 2012,2025-07-19 15:10:00.134176,04-22-2025
905,50,904,"0, 8748666579960935",Thu Jan 24 12:07:47 2013,2011-08-07 09:50:43.979504,11-19-2029
906,21,905,0  .33726939064677497,Wed Dec 25 04:19:22 2030,2010-12-19 01:07:49.954945,03-27-2026
907,37,906,0. 005704634704140177 ,Sun Jul 27 15:44:23 2003,2012-04-28 04:03:17.831183,06-13-2028
908,3,907,0.26 41807622407434,Thu May 22 17:52:18 2008,2015-07-09 18:29:44.918801,09-03-2005
909,6,908,0. 8212186554848567,Fri Jan 26 10:25:32 2029,2013-08-21 17:52:59.662317,08-20-2003
910,1,909,0.7370515490138233,Mon Feb 28 23:29:01 2005,2030-01-12 22:49:01.991423,01-10-2023
911,7,910,"0,  5 353034927120336",Sun Mar 30 17:59:28 2014,2016-03-01 15:24:25.831303,07-29-2027
912,40,911,"0,2925945546124159",Mon Jul  6 05:45:25 2026,2007-05-05 18:48:19.692942,07-15-2025
913,26,912,0.39052879130290397,Sat Oct 15 17:57:33 2022,2024-04-27 23:10:28.483183,02-12-2008
914,11,913,"0, 3312974286547681",Tue Jul  4 12:35:19 2017,2023-03-29 11:15:58.787196,02-01-2009
915,40,914,0. 7020562247389088,Thu Oct 15 18:29:46 2020,2023-02-17 06:49:03.016856,03-10-2027
916,29,915,0 . 1906 9857291455383,Sat Dec 26 16:02:51 2015,2028-06-14 09:33:41.959978,03-25-2003
917,8,916,0 .006664403756538206,Thu Aug 22 21:42:21 2019,2029-03-26 09:51:32.348297,02-19-2017
918,16,917, . 3117586492195734,Sat May 24 15:42:49 2014,2016-03-15 17:29:16.990081,03-02-2021
919,30,918,0. 7798492895040738,Sun Feb 21 07:07:14 2016,2008-08-28 00:15:19.880966,03-31-2005
920,49,919,0 . 45267200598637936,Tue Apr 18 16:28:35 2028,2007-07-08 02:28:35.351309,08-15-2016
921,38,920,"0 ,  5611574774941702",Mon Sep 22 01:45:02 2014,2011-02-01 18:59:05.119442,02-04-2007
922,36,921,0.95005665639985 8,Thu May 26 16:04:59 2005,2006-03-24 19:49:42.843041,05-24-2018
923,2,922,0. 960330876044512,Wed Dec  8 19:47:38 2027,2024-07-30 04:08:33.247130,02-26-2019
924,40,923,0. 45058271172107867,Sun Nov 16 07:20:24 2003,2014-08-21 07:02:52.960731,06-10-2005
925,18,924,"0 ,7786667779684552",Fri Sep 21 14:21:14 2029,2015-12-03 07:25:06.351528,10-11-2017
926,10,925,0.47661819114494464,Fri Dec 29 15:19:41 2028,2005-09-18 03:01:42.885706,06-23-2005
927,35,926,0 .4 3320408593403537,Wed Sep 20 04:00:53 2006,2026-01-11 17:42:37.365490,04-25-2005
928,47,927,0 .20801477598854368,Tue Apr 15 04:43:31 2003,2011-06-03 21:29:13.328386,10-23-2025
929,42,928,0. 8129483151543487,Thu Nov  7 03:13:06 2013,2020-11-01 09:25:06.554559,11-06-2015
930,41,929,0.  9764239886237019,Fri Jun 23 22:23:37 2028,2029-12-03 22:37:08.954815,10-26-2020
931,31,930,0.3409200262253117,Sun Oct  7 16:22:40 2018,2011-10-01 15:23:08.601027,02-12-2010
932,15,931,0. 3890095189544549,Fri Apr 27 14:04:43 2012,2004-12-27 10:02:14.733386,11-06-2002
933,19,932,0.797675896093062 2,Sat Jul  4 20:35:18 2020,2006-12-30 06:34:08.200497,10-01-2005
934,54,933,"0,1872818739984129",Tue May  1 13:48:42 2007,2010-09-14 13:33:08.423320,06-30-2029
935,44,934, .  027285174795102507,Wed Jan 25 00:05:35 2017,2016-02-08 23:34:28.784447,04-18-2007
936,48,935,.  05149008398146848,Fri Jul 31 11:51:58 2020,2013-01-30 06:33:26.494044,12-02-2009
937,18,936,"0 ,814 8405520112947",Tue Mar 24 11:33:02 2020,2017-11-11 14:30:34.743471,04-18-2011
938,24,937,0.3872321899704082,Wed May 16 17:59:52 2018,2028-02-15 19:31:47.139455,02-20-2023
939,8,938,0.230399 37729991422,Tue Nov 15 05:25:12 2016,2020-05-23 05:19:20.170025,05-12-2005
940,20,939,0 .  6116969340591016,Sun Mar  3 14:50:43 2030,2019-09-09 12:36:19.414232,07-27-2017
941,22,940,0 .  014946318665506886,Wed Nov 30 17:15:09 2005,2003-09-01 20:12:36.883612,05-04-2005
942,4,941,0.8863399617538693,Fri Sep 23 19:33:17 2016,2009-10-18 16:27:20.800200,03-01-2018
943,17,942,"0 ,1687942827149106",Thu Aug  6 18:10:15 2026,2014-02-23 20:07:33.271365,01-08-2014
944,34,943,"0, 11293822380747 52",Sat Oct 16 06:56:54 2010,2009-04-25 21:10:11.067027,10-16-2013
945,11,944,"0 ,  8884975751700569",Wed Nov 17 06:54:41 2027,2027-11-05 03:10:30.647047,04-06-2030
946,26,945,0.78658032 16106748,Tue Oct 20 17:13:03 2020,2014-01-06 23:49:17.343845,03-08-2003
947,17,946,0 . 2086535947282261,Fri Nov 24 12:15:40 2006,2022-10-11 12:06:09.074726,02-14-2028
948,18,947,0  .10463020574103865,Thu Aug  8 08:17:05 2019,2004-12-05 13:58:40.181043,06-01-2011
949,51,948,0.23252248389244257,Tue Sep 22 08:19:34 2020,2022-05-13 22:02:50.032991,01-24-2026
950,35,949,"0, 217714332 85601427",Thu Jun 29 04:10:42 2017,2015-07-28 20:10:32.439972,06-25-2018
951,45,950,"0 ,24 32938221935702",Thu Apr 24 00:41:49 2014,2025-12-05 12:15:26.553974,07-27-2019
952,36,951,0  .8636969005139037,Tue Dec 31 11:35:00 2013,2014-07-29 23:12:31.099290,02-19-2028
953,24,952,0.142325180 68900812,Tue May  7 20:30:50 2024,2022-10-08 23:44:19.370889,03-12-2018
954,11,953,0. 4108261740187107,Mon Mar 15 10:12:54 2027,2012-03-17 02:49:58.463245,01-25-2016
955,50,954,"0, 49167845605243476 ",Tue Jan  3 04:22:57 2017,2005-10-15 07:18:20.620332,12-20-2030
956,18,955,"0,1512953308052819",Tue Apr  5 13:42:52 2016,2009-11-12 08:09:22.831671,11-01-2009
957,34,956,0 .7917668012067457,Fri Mar 25 05:52:39 2022,2022-12-10 01:08:24.734852,07-31-2007
958,9,957,0.3323197422734089,Sun Dec  2 18:42:27 2012,2012-10-06 16:51:29.542565,01-01-2024
959,0,958,0 .  17009678104101533,Sun Oct 24 07:00:59 2021,2020-11-24 20:45:18.871946,06-13-2014
960,0,959,"0, 7523836207058018",Tue Mar 14 17:07:51 2006,2026-05-20 11:17:00.088843,07-25-2024
961,40,960,0 . 4274335874558 205,Thu Sep 26 20:05:46 2002,2024-05-16 10:01:59.149827,09-21-2017
962,44,961,"0 ,6198338304595236",Tue Apr 12 23:07:38 2011,2030-03-20 19:51:38.487867,02-15-2019
963,44,962,0 . 25871982960628814,Mon May 21 07:38:59 2018,2026-12-18 12:51:50.164392,05-19-2003
964,16,963,0.7375285220414372,Tue Oct 12 10:46:26 2004,2027-01-31 14:25:01.140002,09-06-2002
965,27,964,0.  5234692598166677,Tue Apr 27 15:15:32 2021,2004-01-15 16:19:40.116498,10-13-2011
966,41,965, 0 .5572610700906353,Tue Aug 23 01:57:58 2022,2009-02-12 04:01:05.866898,02-24-2006
967,51,966,0 .10842565826455375,Fri Jul 19 15:07:26 2013,2009-04-11 02:28:04.372775,03-17-2014
968,26,967,"0 , 05201858870082032",Sat Apr 12 04:41:59 2014,2026-03-24 14:34:29.438958,12-14-2019
969,9,968,0 .18183594393570135,Mon Dec 24 13:40:46 2029,2027-08-30 02:48:28.731161,06-30-2008
970,22,969,"0, 39 5329890669436",Fri Mar 30 04:58:48 2029,2012-12-09 03:39:24.939180,10-20-2014
971,27,970,"0,  2828710174059098",Tue Nov 20 06:52:32 2007,2007-05-04 09:04:57.965019,07-10-2003
972,43,971,"0 , 4948828484602156",Wed Jul 13 18:32:06 2016,2023-01-29 18:00:56.365870,05-16-2006
973,43,972,0. 22100 73643267937,Mon Dec 29 10:15:35 2003,2019-07-26 02:11:34.439143,11-30-2015
974,49,973,"0 , 9516927486232847",Mon Aug 21 15:36:56 2017,2005-07-06 23:28:48.194380,05-14-2007
975,3,974,"0   , 6336535425033608",Tue Dec  5 07:40:25 2028,2003-09-01 18:19:57.273613,05-17-2022
976,30,975,0.30 968692375845075,Mon Jun 24 19:23:48 2024,2029-10-10 11:08:18.698255,12-26-2016
977,6,976,0  . 23751541569 261136,Mon Aug 12 02:28:24 2013,2013-09-20 17:44:06.366910,01-04-2007
978,29,977,0 . 8609664510599 204,Thu Mar  1 07:13:45 2029,2009-03-31 23:45:17.038260,10-08-2027
979,14,978,"0 ,08697709704814749",Wed May  5 05:19:26 2021,2003-07-15 05:19:41.258460,12-17-2024
980,14,979,"0, 1554116860897572",Wed Apr 28 05:35:36 2021,2025-07-05 07:43:49.867659,03-03-2014
981,51,980,0. 7839227646909495,Tue Jan 20 13:10:31 2004,2009-06-23 09:48:24.262502,12-15-2015
982,22,981,0  . 5947737184576818,Mon Feb 27 01:46:07 2006,2010-01-26 02:00:29.645766,02-26-2017
983,4,982,0. 3701509752868 234,Tue Aug 24 03:41:07 2027,2010-04-29 03:02:20.874018,04-26-2016
984,33,983,0  .2988236334269254 ,Fri Jul 21 06:27:41 2028,2019-10-28 14:47:18.437897,11-25-2012
985,18,984,0 .324582372762 4615,Wed Mar 26 12:46:27 2008,2030-01-23 00:57:32.699682,01-26-2010
986,31,985,0 . 976200102 6923697,Wed Jan 12 11:44:24 2028,2018-01-06 09:50:43.242938,07-25-2023
987,13,986,0 . 14357876706248507,Mon Aug 25 01:08:56 2025,2008-08-04 15:29:31.262267,11-18-2012
988,8,987,"0,47825443582511185",Sun Jun 24 15:27:07 2007,2004-08-14 20:13:55.790729,06-09-2003
989,27,988,. 10598254896438686,Mon Mar  9 22:40:51 2026,2012-07-17 22:58:54.237936,04-15-2030
990,31,989,0  .22072248166222186,Sat Aug  1 05:42:49 2026,2028-05-14 23:05:57.031953,12-07-2009
991,12,990,0 .19389100348597443,Tue Mar 16 23:51:37 2021,2029-05-12 11:22:14.929049,08-26-2027
992,31,991,0.6400205918566522,Thu Jun 15 19:48:39 2028,2028-08-18 01:27:39.043088,01-27-2029
993,27,992,0 .  17930681735449183,Sat May 30 05:04:33 2009,2007-01-27 03:53:13.717542,06-22-2014
994,52,993,"0,7349303386713448",Tue Nov  8 00:42:13 2022,2002-09-04 00:52:15.120089,03-07-2014
995,41,994," 0,31424913977461966",Thu Jan  3 03:44:31 2008,2025-12-24 07:18:49.320842,11-19-2006
996,47,995,0 . 31648710908094746,Thu Jan  6 12:47:14 2022,2004-08-15 22:47:52.816219,08-10-2007
997,49,996, 0 . 5254363291858615,Thu Oct 10 19:17:25 2013,2021-04-20 22:31:47.686148,01-16-2021
998,47,997,0 . 8274052871520312,Fri Mar 21 20:29:44 2008,2020-02-20 07:16:28.324597,04-24-2029
999,32,998,"0 ,01 907367792932857",Sat Jan 31 19:35:29 2004,2017-11-19 04:27:59.413835,08-29-2016
1000,14,999,0 .10654496173562866,Tue May 22 21:01:21 2012,2020-07-22 18:46:09.789473,01-26-2009